Number;Header;Position;Time;Altitude;Leg Length;Leg Time;Leg Speed;Leg Course
1;Trackpoint;N6 15.924 W75 34.507;29/04/2024 12:32;1466;2;0:00:01;7 kph;331ｰ true
2;Trackpoint;N6 15.924 W75 34.507;29/04/2024 12:32;1466;1;0:00:01;3 kph;315ｰ true
3;Trackpoint;N6 15.924 W75 34.507;29/04/2024 12:32;1466;1;0:00:01;3 kph;310ｰ true
4;Trackpoint;N6 15.925 W75 34.508;29/04/2024 12:32;1466;1;0:00:01;3 kph;306ｰ true
5;Trackpoint;N6 15.925 W75 34.508;29/04/2024 12:32;1466;1;0:00:01;3 kph;310ｰ true
6;Trackpoint;N6 15.925 W75 34.508;29/04/2024 12:32;1466;1;0:00:01;3 kph;315ｰ true
7;Trackpoint;N6 15.926 W75 34.509;29/04/2024 12:32;1466;1;0:00:01;3 kph;306ｰ true
8;Trackpoint;N6 15.926 W75 34.509;29/04/2024 12:32;1466;1;0:00:01;3 kph;310ｰ true
9;Trackpoint;N6 15.926 W75 34.510;29/04/2024 12:32;1466;1;0:00:01;3 kph;310ｰ true
10;Trackpoint;N6 15.926 W75 34.510;29/04/2024 12:32;1466;1;0:00:01;3 kph;306ｰ true
11;Trackpoint;N6 15.927 W75 34.510;29/04/2024 12:32;1466;1;0:00:01;3 kph;315ｰ true
12;Trackpoint;N6 15.925 W75 34.512;29/04/2024 12:32;1466;5;0:00:01;19 kph;229ｰ true
13;Trackpoint;N6 15.922 W75 34.512;29/04/2024 12:32;1466;5;0:00:01;18 kph;179ｰ true
14;Trackpoint;N6 15.915 W75 34.511;29/04/2024 12:32;1466;13;0:00:01;48 kph;171ｰ true
15;Trackpoint;N6 15.910 W75 34.511;29/04/2024 12:32;1466;10;0:00:01;37 kph;176ｰ true
16;Trackpoint;N6 15.904 W75 34.510;29/04/2024 12:32;1466;11;0:00:01;40 kph;175ｰ true
17;Trackpoint;N6 15.898 W75 34.510;29/04/2024 12:32;1466;11;0:00:01;40 kph;179ｰ true
18;Trackpoint;N6 15.892 W75 34.510;29/04/2024 12:32;1466;12;0:00:01;42 kph;180ｰ true
19;Trackpoint;N6 15.885 W75 34.510;29/04/2024 12:32;1466;12;0:00:01;42 kph;179ｰ true
20;Trackpoint;N6 15.880 W75 34.510;29/04/2024 12:32;1466;11;0:00:01;38 kph;183ｰ true
21;Trackpoint;N6 15.873 W75 34.510;29/04/2024 12:32;1466;11;0:00:01;41 kph;180ｰ true
22;Trackpoint;N6 15.868 W75 34.511;29/04/2024 12:32;1466;11;0:00:01;39 kph;184ｰ true
23;Trackpoint;N6 15.862 W75 34.511;29/04/2024 12:32;1466;11;0:00:01;40 kph;183ｰ true
24;Trackpoint;N6 15.855 W75 34.511;29/04/2024 12:32;1465;12;0:00:01;41 kph;176ｰ true
25;Trackpoint;N6 15.849 W75 34.510;29/04/2024 12:32;1465;11;0:00:01;41 kph;174ｰ true
26;Trackpoint;N6 15.844 W75 34.510;29/04/2024 12:32;1465;11;0:00:01;38 kph;176ｰ true
27;Trackpoint;N6 15.838 W75 34.509;29/04/2024 12:32;1465;10;0:00:01;35 kph;176ｰ true
28;Trackpoint;N6 15.833 W75 34.509;29/04/2024 12:32;1465;9;0:00:01;33 kph;176ｰ true
29;Trackpoint;N6 15.829 W75 34.508;29/04/2024 12:32;1465;8;0:00:01;30 kph;169ｰ true
30;Trackpoint;N6 15.825 W75 34.508;29/04/2024 12:32;1465;8;0:00:01;29 kph;176ｰ true
31;Trackpoint;N6 15.820 W75 34.508;29/04/2024 12:33;1466;8;0:00:01;29 kph;175ｰ true
32;Trackpoint;N6 15.816 W75 34.507;29/04/2024 12:33;1466;9;0:00:01;32 kph;177ｰ true
33;Trackpoint;N6 15.810 W75 34.507;29/04/2024 12:33;1466;10;0:00:01;36 kph;174ｰ true
34;Trackpoint;N6 15.804 W75 34.507;29/04/2024 12:33;1466;11;0:00:01;40 kph;179ｰ true
35;Trackpoint;N6 15.798 W75 34.507;29/04/2024 12:33;1466;12;0:00:01;44 kph;182ｰ true
36;Trackpoint;N6 15.791 W75 34.507;29/04/2024 12:33;1466;13;0:00:01;45 kph;177ｰ true
37;Trackpoint;N6 15.784 W75 34.506;29/04/2024 12:33;1466;13;0:00:01;47 kph;178ｰ true
38;Trackpoint;N6 15.777 W75 34.505;29/04/2024 12:33;1466;13;0:00:01;47 kph;167ｰ true
39;Trackpoint;N6 15.770 W75 34.503;29/04/2024 12:33;1466;13;0:00:01;47 kph;167ｰ true
40;Trackpoint;N6 15.763 W75 34.502;29/04/2024 12:33;1466;13;0:00:01;47 kph;166ｰ true
41;Trackpoint;N6 15.757 W75 34.499;29/04/2024 12:33;1466;13;0:00:01;47 kph;159ｰ true
42;Trackpoint;N6 15.750 W75 34.496;29/04/2024 12:33;1467;13;0:00:01;46 kph;157ｰ true
43;Trackpoint;N6 15.745 W75 34.493;29/04/2024 12:33;1467;12;0:00:01;45 kph;151ｰ true
44;Trackpoint;N6 15.739 W75 34.490;29/04/2024 12:33;1468;12;0:00:01;44 kph;147ｰ true
45;Trackpoint;N6 15.734 W75 34.486;29/04/2024 12:33;1468;12;0:00:01;43 kph;144ｰ true
46;Trackpoint;N6 15.729 W75 34.482;29/04/2024 12:33;1469;12;0:00:01;43 kph;145ｰ true
47;Trackpoint;N6 15.723 W75 34.478;29/04/2024 12:33;1469;12;0:00:01;43 kph;147ｰ true
48;Trackpoint;N6 15.718 W75 34.475;29/04/2024 12:33;1470;12;0:00:01;43 kph;145ｰ true
49;Trackpoint;N6 15.713 W75 34.471;29/04/2024 12:33;1470;12;0:00:01;42 kph;146ｰ true
50;Trackpoint;N6 15.708 W75 34.467;29/04/2024 12:33;1470;12;0:00:01;43 kph;143ｰ true
51;Trackpoint;N6 15.703 W75 34.463;29/04/2024 12:33;1471;12;0:00:01;42 kph;141ｰ true
52;Trackpoint;N6 15.698 W75 34.459;29/04/2024 12:33;1471;11;0:00:01;41 kph;141ｰ true
53;Trackpoint;N6 15.693 W75 34.456;29/04/2024 12:33;1472;12;0:00:01;42 kph;144ｰ true
54;Trackpoint;N6 15.687 W75 34.452;29/04/2024 12:33;1472;12;0:00:01;43 kph;145ｰ true
55;Trackpoint;N6 15.682 W75 34.448;29/04/2024 12:33;1472;12;0:00:01;44 kph;142ｰ true
56;Trackpoint;N6 15.677 W75 34.444;29/04/2024 12:33;1473;12;0:00:01;43 kph;143ｰ true
57;Trackpoint;N6 15.672 W75 34.440;29/04/2024 12:33;1473;12;0:00:01;43 kph;142ｰ true
58;Trackpoint;N6 15.667 W75 34.436;29/04/2024 12:33;1473;12;0:00:01;45 kph;142ｰ true
59;Trackpoint;N6 15.661 W75 34.432;29/04/2024 12:33;1474;13;0:00:01;46 kph;143ｰ true
60;Trackpoint;N6 15.656 W75 34.428;29/04/2024 12:33;1474;13;0:00:01;46 kph;143ｰ true
61;Trackpoint;N6 15.650 W75 34.423;29/04/2024 12:33;1474;13;0:00:01;46 kph;142ｰ true
62;Trackpoint;N6 15.645 W75 34.419;29/04/2024 12:33;1474;13;0:00:01;48 kph;142ｰ true
63;Trackpoint;N6 15.639 W75 34.415;29/04/2024 12:33;1474;13;0:00:01;48 kph;142ｰ true
64;Trackpoint;N6 15.633 W75 34.411;29/04/2024 12:33;1474;13;0:00:01;48 kph;145ｰ true
65;Trackpoint;N6 15.627 W75 34.406;29/04/2024 12:33;1474;13;0:00:01;47 kph;144ｰ true
66;Trackpoint;N6 15.622 W75 34.402;29/04/2024 12:33;1474;13;0:00:01;47 kph;144ｰ true
67;Trackpoint;N6 15.616 W75 34.398;29/04/2024 12:33;1474;13;0:00:01;46 kph;144ｰ true
68;Trackpoint;N6 15.611 W75 34.394;29/04/2024 12:33;1475;13;0:00:01;46 kph;145ｰ true
69;Trackpoint;N6 15.605 W75 34.390;29/04/2024 12:33;1475;12;0:00:01;45 kph;144ｰ true
70;Trackpoint;N6 15.600 W75 34.386;29/04/2024 12:33;1475;12;0:00:01;45 kph;146ｰ true
71;Trackpoint;N6 15.595 W75 34.382;29/04/2024 12:33;1475;12;0:00:01;43 kph;143ｰ true
72;Trackpoint;N6 15.589 W75 34.379;29/04/2024 12:33;1475;12;0:00:01;44 kph;147ｰ true
73;Trackpoint;N6 15.584 W75 34.375;29/04/2024 12:33;1475;12;0:00:01;45 kph;141ｰ true
74;Trackpoint;N6 15.578 W75 34.371;29/04/2024 12:33;1474;13;0:00:01;45 kph;149ｰ true
75;Trackpoint;N6 15.572 W75 34.367;29/04/2024 12:33;1474;13;0:00:01;45 kph;145ｰ true
76;Trackpoint;N6 15.567 W75 34.363;29/04/2024 12:33;1473;12;0:00:01;45 kph;144ｰ true
77;Trackpoint;N6 15.561 W75 34.360;29/04/2024 12:33;1473;12;0:00:01;44 kph;147ｰ true
78;Trackpoint;N6 15.555 W75 34.357;29/04/2024 12:33;1472;13;0:00:01;45 kph;154ｰ true
79;Trackpoint;N6 15.549 W75 34.353;29/04/2024 12:33;1472;13;0:00:01;45 kph;152ｰ true
80;Trackpoint;N6 15.543 W75 34.350;29/04/2024 12:33;1471;12;0:00:01;45 kph;152ｰ true
81;Trackpoint;N6 15.537 W75 34.347;29/04/2024 12:33;1471;12;0:00:01;44 kph;154ｰ true
82;Trackpoint;N6 15.525 W75 34.343;29/04/2024 12:33;1470;24;0:00:01;85 kph;162ｰ true
83;Trackpoint;N6 15.519 W75 34.342;29/04/2024 12:33;1470;12;0:00:01;42 kph;167ｰ true
84;Trackpoint;N6 15.513 W75 34.340;29/04/2024 12:33;1470;11;0:00:01;40 kph;165ｰ true
85;Trackpoint;N6 15.508 W75 34.339;29/04/2024 12:33;1470;10;0:00:01;37 kph;166ｰ true
86;Trackpoint;N6 15.503 W75 34.338;29/04/2024 12:33;1470;9;0:00:01;34 kph;166ｰ true
87;Trackpoint;N6 15.499 W75 34.336;29/04/2024 12:33;1469;8;0:00:01;30 kph;165ｰ true
88;Trackpoint;N6 15.495 W75 34.336;29/04/2024 12:33;1468;8;0:00:01;28 kph;168ｰ true
89;Trackpoint;N6 15.491 W75 34.335;29/04/2024 12:33;1467;8;0:00:01;28 kph;176ｰ true
90;Trackpoint;N6 15.486 W75 34.336;29/04/2024 12:33;1466;8;0:00:01;28 kph;183ｰ true
91;Trackpoint;N6 15.483 W75 34.336;29/04/2024 12:34;1465;6;0:00:01;21 kph;194ｰ true
92;Trackpoint;N6 15.482 W75 34.337;29/04/2024 12:34;1465;3;0:00:01;12 kph;201ｰ true
93;Trackpoint;N6 15.480 W75 34.338;29/04/2024 12:34;1464;3;0:00:01;10 kph;201ｰ true
94;Trackpoint;N6 15.480 W75 34.338;29/04/2024 12:34;1464;1;0:00:01;4 kph;180ｰ true
95;Trackpoint;N6 15.479 W75 34.338;29/04/2024 12:34;1464;1;0:00:01;4 kph;186ｰ true
96;Trackpoint;N6 15.478 W75 34.338;29/04/2024 12:34;1464;1;0:00:01;4 kph;186ｰ true
97;Trackpoint;N6 15.478 W75 34.338;29/04/2024 12:34;1464;1;0:00:01;4 kph;180ｰ true
98;Trackpoint;N6 15.477 W75 34.338;29/04/2024 12:34;1464;1;0:00:01;4 kph;185ｰ true
99;Trackpoint;N6 15.476 W75 34.338;29/04/2024 12:34;1464;1;0:00:01;4 kph;186ｰ true
100;Trackpoint;N6 15.476 W75 34.338;29/04/2024 12:34;1463;1;0:00:01;4 kph;180ｰ true
101;Trackpoint;N6 15.475 W75 34.338;29/04/2024 12:34;1463;1;0:00:01;4 kph;185ｰ true
102;Trackpoint;N6 15.475 W75 34.338;29/04/2024 12:34;1463;1;0:00:01;4 kph;186ｰ true
103;Trackpoint;N6 15.474 W75 34.338;29/04/2024 12:34;1463;1;0:00:01;4 kph;180ｰ true
104;Trackpoint;N6 15.473 W75 34.338;29/04/2024 12:34;1463;1;0:00:13;0.3 kph;185ｰ true
105;Trackpoint;N6 15.473 W75 34.338;29/04/2024 12:34;1463;1;0:00:01;4 kph;180ｰ true
106;Trackpoint;N6 15.469 W75 34.339;29/04/2024 12:34;1464;8;0:00:01;28 kph;192ｰ true
107;Trackpoint;N6 15.464 W75 34.340;29/04/2024 12:34;1464;8;0:00:01;30 kph;189ｰ true
108;Trackpoint;N6 15.460 W75 34.341;29/04/2024 12:34;1465;9;0:00:01;33 kph;202ｰ true
109;Trackpoint;N6 15.455 W75 34.344;29/04/2024 12:34;1466;10;0:00:01;34 kph;205ｰ true
110;Trackpoint;N6 15.450 W75 34.346;29/04/2024 12:34;1466;10;0:00:01;37 kph;201ｰ true
111;Trackpoint;N6 15.444 W75 34.347;29/04/2024 12:34;1467;11;0:00:01;40 kph;195ｰ true
112;Trackpoint;N6 15.438 W75 34.349;29/04/2024 12:34;1467;12;0:00:01;43 kph;194ｰ true
113;Trackpoint;N6 15.432 W75 34.351;29/04/2024 12:34;1468;11;0:00:01;41 kph;200ｰ true
114;Trackpoint;N6 15.427 W75 34.353;29/04/2024 12:34;1469;10;0:00:01;36 kph;203ｰ true
115;Trackpoint;N6 15.423 W75 34.355;29/04/2024 12:34;1469;8;0:00:01;29 kph;208ｰ true
116;Trackpoint;N6 15.420 W75 34.357;29/04/2024 12:34;1469;7;0:00:01;24 kph;210ｰ true
117;Trackpoint;N6 15.418 W75 34.358;29/04/2024 12:34;1470;5;0:00:01;18 kph;209ｰ true
118;Trackpoint;N6 15.416 W75 34.359;29/04/2024 12:34;1470;3;0:00:01;12 kph;199ｰ true
119;Trackpoint;N6 15.415 W75 34.359;29/04/2024 12:34;1470;2;0:00:01;9 kph;196ｰ true
120;Trackpoint;N6 15.414 W75 34.360;29/04/2024 12:34;1470;2;0:00:01;6 kph;239ｰ true
121;Trackpoint;N6 15.414 W75 34.360;29/04/2024 12:34;1470;1;0:00:01;4 kph;257ｰ true
122;Trackpoint;N6 15.414 W75 34.361;29/04/2024 12:34;1470;1;0:00:01;3 kph;247ｰ true
123;Trackpoint;N6 15.414 W75 34.361;29/04/2024 12:34;1470;1;0:00:01;4 kph;243ｰ true
124;Trackpoint;N6 15.413 W75 34.363;29/04/2024 12:34;1470;4;0:00:01;14 kph;246ｰ true
125;Trackpoint;N6 15.412 W75 34.364;29/04/2024 12:34;1470;2;0:00:01;6 kph;219ｰ true
126;Trackpoint;N6 15.411 W75 34.366;29/04/2024 12:34;1470;5;0:00:01;17 kph;243ｰ true
127;Trackpoint;N6 15.409 W75 34.367;29/04/2024 12:34;1470;4;0:00:01;16 kph;211ｰ true
128;Trackpoint;N6 15.408 W75 34.368;29/04/2024 12:34;1471;4;0:00:01;13 kph;215ｰ true
129;Trackpoint;N6 15.406 W75 34.369;29/04/2024 12:34;1471;4;0:00:01;13 kph;210ｰ true
130;Trackpoint;N6 15.405 W75 34.370;29/04/2024 12:34;1471;1;0:00:01;5 kph;241ｰ true
131;Trackpoint;N6 15.404 W75 34.371;29/04/2024 12:34;1471;3;0:00:01;12 kph;209ｰ true
132;Trackpoint;N6 15.402 W75 34.372;29/04/2024 12:34;1471;4;0:00:01;15 kph;205ｰ true
133;Trackpoint;N6 15.400 W75 34.374;29/04/2024 12:34;1471;6;0:00:01;20 kph;220ｰ true
134;Trackpoint;N6 15.397 W75 34.377;29/04/2024 12:34;1471;7;0:00:01;26 kph;224ｰ true
135;Trackpoint;N6 15.394 W75 34.380;29/04/2024 12:34;1470;8;0:00:01;30 kph;224ｰ true
136;Trackpoint;N6 15.390 W75 34.383;29/04/2024 12:34;1470;9;0:00:01;34 kph;228ｰ true
137;Trackpoint;N6 15.386 W75 34.387;29/04/2024 12:34;1470;10;0:00:01;36 kph;223ｰ true
138;Trackpoint;N6 15.382 W75 34.391;29/04/2024 12:34;1470;10;0:00:01;37 kph;220ｰ true
139;Trackpoint;N6 15.378 W75 34.395;29/04/2024 12:35;1470;11;0:00:01;38 kph;227ｰ true
140;Trackpoint;N6 15.374 W75 34.399;29/04/2024 12:35;1470;11;0:00:01;41 kph;225ｰ true
141;Trackpoint;N6 15.370 W75 34.404;29/04/2024 12:35;1470;11;0:00:01;39 kph;227ｰ true
142;Trackpoint;N6 15.366 W75 34.409;29/04/2024 12:35;1470;11;0:00:01;38 kph;235ｰ true
143;Trackpoint;N6 15.362 W75 34.411;29/04/2024 12:35;1470;10;0:00:01;37 kph;212ｰ true
144;Trackpoint;N6 15.357 W75 34.415;29/04/2024 12:35;1470;10;0:00:01;37 kph;218ｰ true
145;Trackpoint;N6 15.353 W75 34.418;29/04/2024 12:35;1470;10;0:00:01;37 kph;218ｰ true
146;Trackpoint;N6 15.349 W75 34.422;29/04/2024 12:35;1470;10;0:00:01;36 kph;224ｰ true
147;Trackpoint;N6 15.345 W75 34.426;29/04/2024 12:35;1470;10;0:00:01;36 kph;223ｰ true
148;Trackpoint;N6 15.341 W75 34.430;29/04/2024 12:35;1470;10;0:00:01;36 kph;223ｰ true
149;Trackpoint;N6 15.337 W75 34.434;29/04/2024 12:35;1470;11;0:00:01;39 kph;223ｰ true
150;Trackpoint;N6 15.332 W75 34.438;29/04/2024 12:35;1470;11;0:00:01;41 kph;220ｰ true
151;Trackpoint;N6 15.327 W75 34.442;29/04/2024 12:35;1470;12;0:00:01;43 kph;220ｰ true
152;Trackpoint;N6 15.323 W75 34.446;29/04/2024 12:35;1470;12;0:00:01;43 kph;223ｰ true
153;Trackpoint;N6 15.318 W75 34.451;29/04/2024 12:35;1470;12;0:00:01;44 kph;221ｰ true
154;Trackpoint;N6 15.313 W75 34.455;29/04/2024 12:35;1470;13;0:00:01;45 kph;223ｰ true
155;Trackpoint;N6 15.308 W75 34.460;29/04/2024 12:35;1470;13;0:00:01;45 kph;223ｰ true
156;Trackpoint;N6 15.303 W75 34.464;29/04/2024 12:35;1471;12;0:00:01;44 kph;222ｰ true
157;Trackpoint;N6 15.298 W75 34.469;29/04/2024 12:35;1471;13;0:00:01;46 kph;225ｰ true
158;Trackpoint;N6 15.293 W75 34.474;29/04/2024 12:35;1471;12;0:00:01;45 kph;225ｰ true
159;Trackpoint;N6 15.288 W75 34.478;29/04/2024 12:35;1471;12;0:00:01;44 kph;222ｰ true
160;Trackpoint;N6 15.283 W75 34.482;29/04/2024 12:35;1471;13;0:00:01;45 kph;215ｰ true
161;Trackpoint;N6 15.277 W75 34.486;29/04/2024 12:35;1471;13;0:00:01;47 kph;212ｰ true
162;Trackpoint;N6 15.270 W75 34.489;29/04/2024 12:35;1471;13;0:00:01;46 kph;204ｰ true
163;Trackpoint;N6 15.264 W75 34.492;29/04/2024 12:35;1471;13;0:00:01;46 kph;206ｰ true
164;Trackpoint;N6 15.258 W75 34.495;29/04/2024 12:35;1471;13;0:00:01;47 kph;203ｰ true
165;Trackpoint;N6 15.251 W75 34.496;29/04/2024 12:35;1471;13;0:00:01;46 kph;195ｰ true
166;Trackpoint;N6 15.244 W75 34.498;29/04/2024 12:35;1471;13;0:00:01;47 kph;191ｰ true
167;Trackpoint;N6 15.237 W75 34.499;29/04/2024 12:35;1471;13;0:00:01;48 kph;187ｰ true
168;Trackpoint;N6 15.230 W75 34.499;29/04/2024 12:35;1470;14;0:00:01;49 kph;184ｰ true
169;Trackpoint;N6 15.222 W75 34.500;29/04/2024 12:35;1470;14;0:00:01;50 kph;185ｰ true
170;Trackpoint;N6 15.214 W75 34.500;29/04/2024 12:35;1470;15;0:00:01;53 kph;185ｰ true
171;Trackpoint;N6 15.206 W75 34.501;29/04/2024 12:35;1470;14;0:00:01;52 kph;183ｰ true
172;Trackpoint;N6 15.199 W75 34.502;29/04/2024 12:35;1470;14;0:00:01;50 kph;186ｰ true
173;Trackpoint;N6 15.192 W75 34.502;29/04/2024 12:35;1470;14;0:00:01;49 kph;182ｰ true
174;Trackpoint;N6 15.184 W75 34.502;29/04/2024 12:35;1470;13;0:00:01;48 kph;185ｰ true
175;Trackpoint;N6 15.177 W75 34.503;29/04/2024 12:35;1470;13;0:00:01;48 kph;182ｰ true
176;Trackpoint;N6 15.170 W75 34.503;29/04/2024 12:35;1470;13;0:00:01;48 kph;178ｰ true
177;Trackpoint;N6 15.163 W75 34.503;29/04/2024 12:35;1471;13;0:00:01;46 kph;180ｰ true
178;Trackpoint;N6 15.156 W75 34.503;29/04/2024 12:35;1471;13;0:00:01;46 kph;180ｰ true
179;Trackpoint;N6 15.150 W75 34.504;29/04/2024 12:35;1471;12;0:00:01;45 kph;191ｰ true
180;Trackpoint;N6 15.144 W75 34.505;29/04/2024 12:35;1472;11;0:00:01;41 kph;190ｰ true
181;Trackpoint;N6 15.138 W75 34.506;29/04/2024 12:35;1472;10;0:00:01;37 kph;185ｰ true
182;Trackpoint;N6 15.133 W75 34.506;29/04/2024 12:35;1472;9;0:00:01;33 kph;184ｰ true
183;Trackpoint;N6 15.129 W75 34.506;29/04/2024 12:35;1473;8;0:00:01;30 kph;185ｰ true
184;Trackpoint;N6 15.124 W75 34.506;29/04/2024 12:35;1473;8;0:00:01;29 kph;182ｰ true
185;Trackpoint;N6 15.120 W75 34.507;29/04/2024 12:35;1473;8;0:00:01;28 kph;187ｰ true
186;Trackpoint;N6 15.116 W75 34.507;29/04/2024 12:35;1474;8;0:00:01;28 kph;182ｰ true
187;Trackpoint;N6 15.112 W75 34.508;29/04/2024 12:35;1474;8;0:00:01;28 kph;187ｰ true
188;Trackpoint;N6 15.108 W75 34.508;29/04/2024 12:35;1474;7;0:00:01;26 kph;184ｰ true
189;Trackpoint;N6 15.104 W75 34.508;29/04/2024 12:35;1474;6;0:00:01;23 kph;179ｰ true
190;Trackpoint;N6 15.102 W75 34.508;29/04/2024 12:35;1474;6;0:00:01;20 kph;188ｰ true
191;Trackpoint;N6 15.099 W75 34.509;29/04/2024 12:35;1474;5;0:00:01;18 kph;195ｰ true
192;Trackpoint;N6 15.097 W75 34.509;29/04/2024 12:35;1474;4;0:00:01;16 kph;190ｰ true
193;Trackpoint;N6 15.095 W75 34.509;29/04/2024 12:35;1474;4;0:00:01;14 kph;182ｰ true
194;Trackpoint;N6 15.093 W75 34.510;29/04/2024 12:35;1474;3;0:00:01;12 kph;182ｰ true
195;Trackpoint;N6 15.091 W75 34.510;29/04/2024 12:35;1474;3;0:00:01;12 kph;194ｰ true
196;Trackpoint;N6 15.089 W75 34.510;29/04/2024 12:35;1474;3;0:00:01;12 kph;169ｰ true
197;Trackpoint;N6 15.087 W75 34.509;29/04/2024 12:35;1474;4;0:00:01;14 kph;161ｰ true
198;Trackpoint;N6 15.086 W75 34.509;29/04/2024 12:35;1474;3;0:00:01;11 kph;174ｰ true
199;Trackpoint;N6 15.084 W75 34.509;29/04/2024 12:36;1474;4;0:00:01;15 kph;178ｰ true
200;Trackpoint;N6 15.083 W75 34.509;29/04/2024 12:36;1474;1;0:00:01;5 kph;189ｰ true
201;Trackpoint;N6 15.080 W75 34.509;29/04/2024 12:36;1474;4;0:00:01;16 kph;179ｰ true
202;Trackpoint;N6 15.079 W75 34.509;29/04/2024 12:36;1474;2;0:00:01;7 kph;170ｰ true
203;Trackpoint;N6 15.077 W75 34.509;29/04/2024 12:36;1474;5;0:00:01;17 kph;180ｰ true
204;Trackpoint;N6 15.074 W75 34.509;29/04/2024 12:36;1474;6;0:00:01;21 kph;188ｰ true
205;Trackpoint;N6 15.071 W75 34.510;29/04/2024 12:36;1474;6;0:00:01;23 kph;191ｰ true
206;Trackpoint;N6 15.067 W75 34.510;29/04/2024 12:36;1474;7;0:00:01;25 kph;184ｰ true
207;Trackpoint;N6 15.063 W75 34.510;29/04/2024 12:36;1474;8;0:00:01;28 kph;181ｰ true
208;Trackpoint;N6 15.058 W75 34.509;29/04/2024 12:36;1474;8;0:00:01;30 kph;173ｰ true
209;Trackpoint;N6 15.053 W75 34.509;29/04/2024 12:36;1474;9;0:00:01;32 kph;179ｰ true
210;Trackpoint;N6 15.048 W75 34.510;29/04/2024 12:36;1474;9;0:00:01;33 kph;185ｰ true
211;Trackpoint;N6 15.044 W75 34.510;29/04/2024 12:36;1474;8;0:00:01;28 kph;178ｰ true
212;Trackpoint;N6 15.041 W75 34.513;29/04/2024 12:36;1474;9;0:00:01;32 kph;218ｰ true
213;Trackpoint;N6 15.036 W75 34.513;29/04/2024 12:36;1474;8;0:00:01;27 kph;185ｰ true
214;Trackpoint;N6 15.032 W75 34.513;29/04/2024 12:36;1474;8;0:00:01;30 kph;182ｰ true
215;Trackpoint;N6 15.027 W75 34.513;29/04/2024 12:36;1474;9;0:00:01;31 kph;181ｰ true
216;Trackpoint;N6 15.022 W75 34.513;29/04/2024 12:36;1474;9;0:00:01;33 kph;182ｰ true
217;Trackpoint;N6 15.017 W75 34.514;29/04/2024 12:36;1474;10;0:00:01;34 kph;185ｰ true
218;Trackpoint;N6 15.012 W75 34.514;29/04/2024 12:36;1474;10;0:00:01;36 kph;181ｰ true
219;Trackpoint;N6 15.006 W75 34.514;29/04/2024 12:36;1474;10;0:00:01;37 kph;180ｰ true
220;Trackpoint;N6 15.001 W75 34.514;29/04/2024 12:36;1474;11;0:00:01;39 kph;177ｰ true
221;Trackpoint;N6 14.994 W75 34.514;29/04/2024 12:36;1474;11;0:00:01;40 kph;179ｰ true
222;Trackpoint;N6 14.988 W75 34.513;29/04/2024 12:36;1474;11;0:00:01;40 kph;178ｰ true
223;Trackpoint;N6 14.983 W75 34.513;29/04/2024 12:36;1475;11;0:00:01;39 kph;179ｰ true
224;Trackpoint;N6 14.976 W75 34.513;29/04/2024 12:36;1475;11;0:00:01;41 kph;180ｰ true
225;Trackpoint;N6 14.970 W75 34.513;29/04/2024 12:36;1475;12;0:00:01;44 kph;180ｰ true
226;Trackpoint;N6 14.963 W75 34.513;29/04/2024 12:36;1475;13;0:00:01;46 kph;179ｰ true
227;Trackpoint;N6 14.956 W75 34.513;29/04/2024 12:36;1475;13;0:00:01;47 kph;180ｰ true
228;Trackpoint;N6 14.949 W75 34.514;29/04/2024 12:36;1475;13;0:00:01;49 kph;183ｰ true
229;Trackpoint;N6 14.941 W75 34.514;29/04/2024 12:36;1475;14;0:00:01;49 kph;182ｰ true
230;Trackpoint;N6 14.934 W75 34.515;29/04/2024 12:36;1475;14;0:00:01;49 kph;187ｰ true
231;Trackpoint;N6 14.927 W75 34.516;29/04/2024 12:36;1475;14;0:00:01;49 kph;188ｰ true
232;Trackpoint;N6 14.920 W75 34.517;29/04/2024 12:36;1474;13;0:00:01;48 kph;187ｰ true
233;Trackpoint;N6 14.912 W75 34.518;29/04/2024 12:36;1474;14;0:00:01;49 kph;186ｰ true
234;Trackpoint;N6 14.905 W75 34.518;29/04/2024 12:36;1474;14;0:00:01;50 kph;183ｰ true
235;Trackpoint;N6 14.898 W75 34.518;29/04/2024 12:36;1474;14;0:00:01;49 kph;182ｰ true
236;Trackpoint;N6 14.890 W75 34.519;29/04/2024 12:36;1474;14;0:00:01;49 kph;185ｰ true
237;Trackpoint;N6 14.883 W75 34.520;29/04/2024 12:36;1474;13;0:00:01;48 kph;186ｰ true
238;Trackpoint;N6 14.876 W75 34.520;29/04/2024 12:36;1474;13;0:00:01;48 kph;183ｰ true
239;Trackpoint;N6 14.869 W75 34.520;29/04/2024 12:36;1474;13;0:00:01;46 kph;182ｰ true
240;Trackpoint;N6 14.862 W75 34.520;29/04/2024 12:36;1474;12;0:00:01;45 kph;177ｰ true
241;Trackpoint;N6 14.856 W75 34.520;29/04/2024 12:36;1474;12;0:00:01;43 kph;179ｰ true
242;Trackpoint;N6 14.850 W75 34.520;29/04/2024 12:36;1474;11;0:00:01;38 kph;180ｰ true
243;Trackpoint;N6 14.846 W75 34.520;29/04/2024 12:36;1474;8;0:00:01;30 kph;179ｰ true
244;Trackpoint;N6 14.842 W75 34.520;29/04/2024 12:36;1474;7;0:00:01;24 kph;180ｰ true
245;Trackpoint;N6 14.838 W75 34.520;29/04/2024 12:36;1474;7;0:00:01;25 kph;184ｰ true
246;Trackpoint;N6 14.835 W75 34.520;29/04/2024 12:36;1474;7;0:00:01;25 kph;186ｰ true
247;Trackpoint;N6 14.831 W75 34.521;29/04/2024 12:36;1474;7;0:00:01;26 kph;184ｰ true
248;Trackpoint;N6 14.827 W75 34.521;29/04/2024 12:36;1474;7;0:00:01;24 kph;181ｰ true
249;Trackpoint;N6 14.824 W75 34.521;29/04/2024 12:36;1474;6;0:00:01;21 kph;188ｰ true
250;Trackpoint;N6 14.821 W75 34.522;29/04/2024 12:36;1475;6;0:00:01;22 kph;192ｰ true
251;Trackpoint;N6 14.817 W75 34.522;29/04/2024 12:36;1475;7;0:00:01;24 kph;189ｰ true
252;Trackpoint;N6 14.813 W75 34.524;29/04/2024 12:36;1475;8;0:00:01;29 kph;196ｰ true
253;Trackpoint;N6 14.809 W75 34.525;29/04/2024 12:36;1475;9;0:00:01;32 kph;198ｰ true
254;Trackpoint;N6 14.804 W75 34.528;29/04/2024 12:36;1476;10;0:00:01;35 kph;210ｰ true
255;Trackpoint;N6 14.800 W75 34.531;29/04/2024 12:36;1477;10;0:00:01;36 kph;222ｰ true
256;Trackpoint;N6 14.796 W75 34.535;29/04/2024 12:36;1478;10;0:00:01;36 kph;226ｰ true
257;Trackpoint;N6 14.793 W75 34.539;29/04/2024 12:36;1478;10;0:00:01;36 kph;226ｰ true
258;Trackpoint;N6 14.788 W75 34.542;29/04/2024 12:36;1479;10;0:00:01;37 kph;215ｰ true
259;Trackpoint;N6 14.783 W75 34.545;29/04/2024 12:37;1479;10;0:00:01;36 kph;205ｰ true
260;Trackpoint;N6 14.778 W75 34.546;29/04/2024 12:37;1479;10;0:00:01;35 kph;190ｰ true
261;Trackpoint;N6 14.773 W75 34.545;29/04/2024 12:37;1478;10;0:00:01;35 kph;175ｰ true
262;Trackpoint;N6 14.767 W75 34.543;29/04/2024 12:37;1478;10;0:00:01;37 kph;161ｰ true
263;Trackpoint;N6 14.762 W75 34.541;29/04/2024 12:37;1478;11;0:00:01;41 kph;155ｰ true
264;Trackpoint;N6 14.756 W75 34.538;29/04/2024 12:37;1478;12;0:00:01;42 kph;155ｰ true
265;Trackpoint;N6 14.751 W75 34.535;29/04/2024 12:37;1477;11;0:00:01;41 kph;154ｰ true
266;Trackpoint;N6 14.746 W75 34.533;29/04/2024 12:37;1477;10;0:00:01;37 kph;152ｰ true
267;Trackpoint;N6 14.741 W75 34.531;29/04/2024 12:37;1477;9;0:00:01;33 kph;153ｰ true
268;Trackpoint;N6 14.738 W75 34.528;29/04/2024 12:37;1477;8;0:00:01;27 kph;150ｰ true
269;Trackpoint;N6 14.735 W75 34.527;29/04/2024 12:37;1476;6;0:00:01;20 kph;152ｰ true
270;Trackpoint;N6 14.733 W75 34.526;29/04/2024 12:37;1476;4;0:00:01;15 kph;164ｰ true
271;Trackpoint;N6 14.731 W75 34.526;29/04/2024 12:37;1476;3;0:00:01;12 kph;156ｰ true
272;Trackpoint;N6 14.731 W75 34.525;29/04/2024 12:37;1476;2;0:00:01;6 kph;155ｰ true
273;Trackpoint;N6 14.731 W75 34.525;29/04/2024 12:37;1476;1;0:00:01;3 kph;56ｰ true
274;Trackpoint;N6 14.731 W75 34.526;29/04/2024 12:37;1476;1;0:00:01;4 kph;259ｰ true
275;Trackpoint;N6 14.731 W75 34.526;29/04/2024 12:37;1476;0;0:00:01;0.4 kph;270ｰ true
276;Trackpoint;N6 14.731 W75 34.525;29/04/2024 12:37;1476;0;0:00:01;2 kph;77ｰ true
277;Trackpoint;N6 14.730 W75 34.527;29/04/2024 12:37;1476;3;0:00:01;9 kph;258ｰ true
278;Trackpoint;N6 14.730 W75 34.527;29/04/2024 12:37;1476;0;0:00:01;0.4 kph;270ｰ true
279;Trackpoint;N6 14.730 W75 34.527;29/04/2024 12:37;1476;0;0:00:01;1.2 kph;270ｰ true
280;Trackpoint;N6 14.730 W75 34.527;29/04/2024 12:37;1476;0;0:00:01;0.8 kph;180ｰ true
281;Trackpoint;N6 14.728 W75 34.527;29/04/2024 12:37;1476;5;0:00:01;18 kph;180ｰ true
282;Trackpoint;N6 14.725 W75 34.527;29/04/2024 12:37;1476;5;0:00:01;18 kph;174ｰ true
283;Trackpoint;N6 14.722 W75 34.526;29/04/2024 12:37;1476;5;0:00:13;1.4 kph;174ｰ true
284;Trackpoint;N6 14.720 W75 34.526;29/04/2024 12:37;1476;5;0:00:01;18 kph;174ｰ true
285;Trackpoint;N6 14.715 W75 34.526;29/04/2024 12:37;1476;9;0:00:01;31 kph;180ｰ true
286;Trackpoint;N6 14.710 W75 34.526;29/04/2024 12:37;1476;9;0:00:01;34 kph;177ｰ true
287;Trackpoint;N6 14.704 W75 34.526;29/04/2024 12:37;1476;11;0:00:01;40 kph;181ｰ true
288;Trackpoint;N6 14.697 W75 34.526;29/04/2024 12:37;1476;13;0:00:01;45 kph;182ｰ true
289;Trackpoint;N6 14.690 W75 34.526;29/04/2024 12:37;1476;13;0:00:01;46 kph;181ｰ true
290;Trackpoint;N6 14.683 W75 34.526;29/04/2024 12:37;1477;13;0:00:01;47 kph;177ｰ true
291;Trackpoint;N6 14.676 W75 34.527;29/04/2024 12:37;1477;13;0:00:01;48 kph;186ｰ true
292;Trackpoint;N6 14.669 W75 34.527;29/04/2024 12:37;1477;14;0:00:01;49 kph;183ｰ true
293;Trackpoint;N6 14.661 W75 34.528;29/04/2024 12:37;1477;14;0:00:01;51 kph;185ｰ true
294;Trackpoint;N6 14.653 W75 34.528;29/04/2024 12:37;1477;14;0:00:01;52 kph;184ｰ true
295;Trackpoint;N6 14.645 W75 34.529;29/04/2024 12:37;1477;15;0:00:01;53 kph;183ｰ true
296;Trackpoint;N6 14.637 W75 34.529;29/04/2024 12:37;1478;15;0:00:01;54 kph;180ｰ true
297;Trackpoint;N6 14.629 W75 34.529;29/04/2024 12:37;1478;15;0:00:01;55 kph;183ｰ true
298;Trackpoint;N6 14.621 W75 34.529;29/04/2024 12:37;1478;15;0:00:01;56 kph;180ｰ true
299;Trackpoint;N6 14.612 W75 34.529;29/04/2024 12:37;1478;16;0:00:01;57 kph;178ｰ true
300;Trackpoint;N6 14.604 W75 34.529;29/04/2024 12:37;1478;16;0:00:01;57 kph;183ｰ true
301;Trackpoint;N6 14.595 W75 34.530;29/04/2024 12:37;1478;16;0:00:01;59 kph;182ｰ true
302;Trackpoint;N6 14.586 W75 34.530;29/04/2024 12:37;1478;16;0:00:01;59 kph;182ｰ true
303;Trackpoint;N6 14.577 W75 34.530;29/04/2024 12:37;1478;16;0:00:01;58 kph;180ｰ true
304;Trackpoint;N6 14.569 W75 34.530;29/04/2024 12:37;1478;15;0:00:01;55 kph;183ｰ true
305;Trackpoint;N6 14.561 W75 34.530;29/04/2024 12:37;1478;15;0:00:01;55 kph;182ｰ true
306;Trackpoint;N6 14.553 W75 34.531;29/04/2024 12:37;1478;15;0:00:01;55 kph;181ｰ true
307;Trackpoint;N6 14.545 W75 34.531;29/04/2024 12:38;1478;15;0:00:01;55 kph;181ｰ true
308;Trackpoint;N6 14.537 W75 34.531;29/04/2024 12:38;1478;15;0:00:01;53 kph;181ｰ true
309;Trackpoint;N6 14.529 W75 34.531;29/04/2024 12:38;1478;14;0:00:01;51 kph;179ｰ true
310;Trackpoint;N6 14.521 W75 34.531;29/04/2024 12:38;1478;14;0:00:01;50 kph;181ｰ true
311;Trackpoint;N6 14.514 W75 34.530;29/04/2024 12:38;1478;14;0:00:01;51 kph;177ｰ true
312;Trackpoint;N6 14.506 W75 34.530;29/04/2024 12:38;1478;14;0:00:01;51 kph;176ｰ true
313;Trackpoint;N6 14.499 W75 34.531;29/04/2024 12:38;1478;14;0:00:01;52 kph;185ｰ true
314;Trackpoint;N6 14.491 W75 34.531;29/04/2024 12:38;1479;14;0:00:01;50 kph;182ｰ true
315;Trackpoint;N6 14.483 W75 34.531;29/04/2024 12:38;1479;14;0:00:01;51 kph;181ｰ true
316;Trackpoint;N6 14.476 W75 34.531;29/04/2024 12:38;1479;14;0:00:01;51 kph;182ｰ true
317;Trackpoint;N6 14.468 W75 34.531;29/04/2024 12:38;1479;14;0:00:01;51 kph;181ｰ true
318;Trackpoint;N6 14.460 W75 34.532;29/04/2024 12:38;1479;14;0:00:01;52 kph;181ｰ true
319;Trackpoint;N6 14.453 W75 34.532;29/04/2024 12:38;1479;14;0:00:01;51 kph;181ｰ true
320;Trackpoint;N6 14.445 W75 34.532;29/04/2024 12:38;1479;14;0:00:01;50 kph;184ｰ true
321;Trackpoint;N6 14.438 W75 34.532;29/04/2024 12:38;1479;14;0:00:01;49 kph;180ｰ true
322;Trackpoint;N6 14.431 W75 34.532;29/04/2024 12:38;1479;13;0:00:01;46 kph;181ｰ true
323;Trackpoint;N6 14.425 W75 34.533;29/04/2024 12:38;1479;11;0:00:01;41 kph;183ｰ true
324;Trackpoint;N6 14.419 W75 34.533;29/04/2024 12:38;1479;10;0:00:01;36 kph;182ｰ true
325;Trackpoint;N6 14.414 W75 34.534;29/04/2024 12:38;1480;9;0:00:01;33 kph;188ｰ true
326;Trackpoint;N6 14.410 W75 34.536;29/04/2024 12:38;1480;9;0:00:01;32 kph;202ｰ true
327;Trackpoint;N6 14.406 W75 34.538;29/04/2024 12:38;1480;8;0:00:01;30 kph;208ｰ true
328;Trackpoint;N6 14.403 W75 34.540;29/04/2024 12:38;1480;8;0:00:01;28 kph;212ｰ true
329;Trackpoint;N6 14.399 W75 34.542;29/04/2024 12:38;1480;7;0:00:01;25 kph;210ｰ true
330;Trackpoint;N6 14.396 W75 34.544;29/04/2024 12:38;1480;7;0:00:01;25 kph;219ｰ true
331;Trackpoint;N6 14.394 W75 34.547;29/04/2024 12:38;1480;7;0:00:01;25 kph;227ｰ true
332;Trackpoint;N6 14.392 W75 34.550;29/04/2024 12:38;1481;8;0:00:01;28 kph;237ｰ true
333;Trackpoint;N6 14.389 W75 34.554;29/04/2024 12:38;1481;8;0:00:01;30 kph;235ｰ true
334;Trackpoint;N6 14.386 W75 34.558;29/04/2024 12:38;1481;8;0:00:01;30 kph;234ｰ true
335;Trackpoint;N6 14.383 W75 34.561;29/04/2024 12:38;1481;8;0:00:01;27 kph;224ｰ true
336;Trackpoint;N6 14.380 W75 34.563;29/04/2024 12:38;1481;8;0:00:01;28 kph;213ｰ true
337;Trackpoint;N6 14.375 W75 34.563;29/04/2024 12:38;1482;9;0:00:01;31 kph;186ｰ true
338;Trackpoint;N6 14.370 W75 34.563;29/04/2024 12:38;1481;9;0:00:01;34 kph;171ｰ true
339;Trackpoint;N6 14.365 W75 34.561;29/04/2024 12:38;1481;10;0:00:01;37 kph;165ｰ true
340;Trackpoint;N6 14.360 W75 34.560;29/04/2024 12:38;1481;10;0:00:01;35 kph;164ｰ true
341;Trackpoint;N6 14.356 W75 34.557;29/04/2024 12:38;1481;9;0:00:01;33 kph;151ｰ true
342;Trackpoint;N6 14.351 W75 34.555;29/04/2024 12:38;1481;9;0:00:01;33 kph;150ｰ true
343;Trackpoint;N6 14.347 W75 34.552;29/04/2024 12:38;1481;10;0:00:01;35 kph;149ｰ true
344;Trackpoint;N6 14.343 W75 34.549;29/04/2024 12:38;1481;8;0:00:01;30 kph;139ｰ true
345;Trackpoint;N6 14.341 W75 34.546;29/04/2024 12:38;1481;8;0:00:01;28 kph;129ｰ true
346;Trackpoint;N6 14.339 W75 34.543;29/04/2024 12:38;1481;7;0:00:01;25 kph;123ｰ true
347;Trackpoint;N6 14.337 W75 34.540;29/04/2024 12:38;1481;6;0:00:01;22 kph;119ｰ true
348;Trackpoint;N6 14.336 W75 34.537;29/04/2024 12:38;1481;5;0:00:01;19 kph;112ｰ true
349;Trackpoint;N6 14.335 W75 34.535;29/04/2024 12:38;1481;4;0:00:01;14 kph;110ｰ true
350;Trackpoint;N6 14.335 W75 34.534;29/04/2024 12:38;1481;2;0:00:01;8 kph;102ｰ true
351;Trackpoint;N6 14.335 W75 34.533;29/04/2024 12:38;1481;1;0:00:01;5 kph;59ｰ true
352;Trackpoint;N6 14.335 W75 34.533;29/04/2024 12:38;1481;0;0:00:01;0.8 kph;90ｰ true
353;Trackpoint;N6 14.336 W75 34.533;29/04/2024 12:38;1481;0;0:00:01;1.1 kph;315ｰ true
354;Trackpoint;N6 14.335 W75 34.533;29/04/2024 12:38;1481;0;0:00:01;0.6 kph;135ｰ true
355;Trackpoint;N6 14.336 W75 34.533;29/04/2024 12:38;1481;1;0:00:01;2 kph;79ｰ true
356;Trackpoint;N6 14.335 W75 34.533;29/04/2024 12:38;1481;1;0:00:01;2 kph;112ｰ true
357;Trackpoint;N6 14.335 W75 34.532;29/04/2024 12:38;1481;1;0:00:01;2 kph;90ｰ true
358;Trackpoint;N6 14.336 W75 34.532;29/04/2024 12:38;1481;2;0:00:01;6 kph;48ｰ true
359;Trackpoint;N6 14.337 W75 34.529;29/04/2024 12:38;1481;5;0:00:01;19 kph;74ｰ true
360;Trackpoint;N6 14.337 W75 34.527;29/04/2024 12:38;1481;2;0:00:01;9 kph;77ｰ true
361;Trackpoint;N6 14.338 W75 34.524;29/04/2024 12:38;1480;7;0:00:01;27 kph;77ｰ true
362;Trackpoint;N6 14.340 W75 34.520;29/04/2024 12:38;1480;8;0:00:01;28 kph;68ｰ true
363;Trackpoint;N6 14.341 W75 34.515;29/04/2024 12:38;1481;9;0:00:01;31 kph;67ｰ true
364;Trackpoint;N6 14.343 W75 34.511;29/04/2024 12:38;1481;9;0:00:01;33 kph;69ｰ true
365;Trackpoint;N6 14.345 W75 34.506;29/04/2024 12:38;1481;10;0:00:01;35 kph;73ｰ true
366;Trackpoint;N6 14.346 W75 34.501;29/04/2024 12:38;1481;10;0:00:01;35 kph;75ｰ true
367;Trackpoint;N6 14.346 W75 34.496;29/04/2024 12:39;1482;9;0:00:01;33 kph;86ｰ true
368;Trackpoint;N6 14.345 W75 34.491;29/04/2024 12:39;1482;9;0:00:01;33 kph;101ｰ true
369;Trackpoint;N6 14.344 W75 34.486;29/04/2024 12:39;1482;9;0:00:01;31 kph;107ｰ true
370;Trackpoint;N6 14.343 W75 34.483;29/04/2024 12:39;1482;7;0:00:01;25 kph;106ｰ true
371;Trackpoint;N6 14.342 W75 34.480;29/04/2024 12:39;1482;6;0:00:01;20 kph;111ｰ true
372;Trackpoint;N6 14.340 W75 34.478;29/04/2024 12:39;1482;5;0:00:01;19 kph;125ｰ true
373;Trackpoint;N6 14.339 W75 34.475;29/04/2024 12:39;1482;6;0:00:01;21 kph;115ｰ true
374;Trackpoint;N6 14.338 W75 34.472;29/04/2024 12:39;1482;6;0:00:01;21 kph;109ｰ true
375;Trackpoint;N6 14.336 W75 34.469;29/04/2024 12:39;1482;6;0:00:01;22 kph;120ｰ true
376;Trackpoint;N6 14.335 W75 34.466;29/04/2024 12:39;1482;6;0:00:01;23 kph;107ｰ true
377;Trackpoint;N6 14.334 W75 34.462;29/04/2024 12:39;1482;7;0:00:01;24 kph;117ｰ true
378;Trackpoint;N6 14.332 W75 34.458;29/04/2024 12:39;1482;9;0:00:01;33 kph;111ｰ true
379;Trackpoint;N6 14.330 W75 34.453;29/04/2024 12:39;1482;10;0:00:01;37 kph;115ｰ true
380;Trackpoint;N6 14.327 W75 34.448;29/04/2024 12:39;1482;10;0:00:01;35 kph;116ｰ true
381;Trackpoint;N6 14.325 W75 34.443;29/04/2024 12:39;1482;9;0:00:01;33 kph;117ｰ true
382;Trackpoint;N6 14.323 W75 34.440;29/04/2024 12:39;1482;8;0:00:01;27 kph;115ｰ true
383;Trackpoint;N6 14.322 W75 34.436;29/04/2024 12:39;1482;6;0:00:01;22 kph;106ｰ true
384;Trackpoint;N6 14.321 W75 34.433;29/04/2024 12:39;1482;8;0:00:01;27 kph;107ｰ true
385;Trackpoint;N6 14.320 W75 34.428;29/04/2024 12:39;1482;8;0:00:01;28 kph;106ｰ true
386;Trackpoint;N6 14.319 W75 34.424;29/04/2024 12:39;1482;8;0:00:01;29 kph;109ｰ true
387;Trackpoint;N6 14.317 W75 34.420;29/04/2024 12:39;1482;8;0:00:01;30 kph;109ｰ true
388;Trackpoint;N6 14.315 W75 34.416;29/04/2024 12:39;1482;9;0:00:01;31 kph;113ｰ true
389;Trackpoint;N6 14.313 W75 34.411;29/04/2024 12:39;1482;10;0:00:01;35 kph;113ｰ true
390;Trackpoint;N6 14.311 W75 34.407;29/04/2024 12:39;1482;8;0:00:01;31 kph;114ｰ true
391;Trackpoint;N6 14.310 W75 34.402;29/04/2024 12:39;1482;9;0:00:01;31 kph;111ｰ true
392;Trackpoint;N6 14.308 W75 34.398;29/04/2024 12:39;1482;9;0:00:01;33 kph;113ｰ true
393;Trackpoint;N6 14.306 W75 34.394;29/04/2024 12:39;1482;8;0:00:01;29 kph;114ｰ true
394;Trackpoint;N6 14.305 W75 34.391;29/04/2024 12:39;1482;6;0:00:02;11 kph;117ｰ true
395;Trackpoint;N6 14.304 W75 34.389;29/04/2024 12:39;1483;3;0:00:01;12 kph;113ｰ true
396;Trackpoint;N6 14.303 W75 34.388;29/04/2024 12:39;1483;3;0:00:01;11 kph;114ｰ true
397;Trackpoint;N6 14.303 W75 34.387;29/04/2024 12:39;1483;1;0:00:01;5 kph;109ｰ true
398;Trackpoint;N6 14.303 W75 34.386;29/04/2024 12:39;1483;1;0:00:01;4 kph;90ｰ true
399;Trackpoint;N6 14.303 W75 34.385;29/04/2024 12:39;1483;2;0:00:01;8 kph;101ｰ true
400;Trackpoint;N6 14.302 W75 34.383;29/04/2024 12:39;1483;4;0:00:01;15 kph;109ｰ true
401;Trackpoint;N6 14.301 W75 34.381;29/04/2024 12:39;1483;4;0:00:01;15 kph;114ｰ true
402;Trackpoint;N6 14.299 W75 34.379;29/04/2024 12:39;1483;5;0:00:01;19 kph;128ｰ true
403;Trackpoint;N6 14.299 W75 34.377;29/04/2024 12:39;1483;4;0:00:01;14 kph;113ｰ true
404;Trackpoint;N6 14.297 W75 34.374;29/04/2024 12:39;1483;6;0:00:01;21 kph;112ｰ true
405;Trackpoint;N6 14.296 W75 34.372;29/04/2024 12:39;1483;5;0:00:01;18 kph;117ｰ true
406;Trackpoint;N6 14.296 W75 34.370;29/04/2024 12:39;1483;2;0:00:01;9 kph;120ｰ true
407;Trackpoint;N6 14.295 W75 34.369;29/04/2024 12:39;1483;2;0:00:01;8 kph;108ｰ true
408;Trackpoint;N6 14.295 W75 34.369;29/04/2024 12:39;1483;1;0:00:01;5 kph;147ｰ true
409;Trackpoint;N6 14.294 W75 34.368;29/04/2024 12:39;1483;1;0:00:01;3 kph;111ｰ true
410;Trackpoint;N6 14.294 W75 34.368;29/04/2024 12:39;1483;1;0:00:01;2 kph;135ｰ true
411;Trackpoint;N6 14.294 W75 34.367;29/04/2024 12:39;1483;2;0:00:01;6 kph;122ｰ true
412;Trackpoint;N6 14.293 W75 34.366;29/04/2024 12:39;1483;2;0:00:01;7 kph;112ｰ true
413;Trackpoint;N6 14.293 W75 34.366;29/04/2024 12:39;1483;2;0:00:01;6 kph;122ｰ true
414;Trackpoint;N6 14.292 W75 34.365;29/04/2024 12:39;1483;2;0:00:01;6 kph;125ｰ true
415;Trackpoint;N6 14.292 W75 34.364;29/04/2024 12:39;1483;2;0:00:01;6 kph;122ｰ true
416;Trackpoint;N6 14.291 W75 34.363;29/04/2024 12:39;1483;2;0:00:01;6 kph;125ｰ true
417;Trackpoint;N6 14.291 W75 34.362;29/04/2024 12:39;1483;2;0:00:01;6 kph;125ｰ true
418;Trackpoint;N6 14.290 W75 34.362;29/04/2024 12:39;1483;2;0:00:01;6 kph;122ｰ true
419;Trackpoint;N6 14.290 W75 34.361;29/04/2024 12:39;1483;2;0:00:01;6 kph;125ｰ true
420;Trackpoint;N6 14.289 W75 34.360;29/04/2024 12:40;1483;2;0:00:40;0.2 kph;123ｰ true
421;Trackpoint;N6 14.289 W75 34.359;29/04/2024 12:40;1483;2;0:00:01;6 kph;122ｰ true
422;Trackpoint;N6 14.287 W75 34.357;29/04/2024 12:40;1483;4;0:00:01;16 kph;119ｰ true
423;Trackpoint;N6 14.286 W75 34.354;29/04/2024 12:40;1482;6;0:00:01;21 kph;113ｰ true
424;Trackpoint;N6 14.285 W75 34.352;29/04/2024 12:40;1482;5;0:00:01;18 kph;117ｰ true
425;Trackpoint;N6 14.284 W75 34.350;29/04/2024 12:40;1483;4;0:00:01;15 kph;110ｰ true
426;Trackpoint;N6 14.284 W75 34.348;29/04/2024 12:40;1483;3;0:00:01;12 kph;102ｰ true
427;Trackpoint;N6 14.284 W75 34.347;29/04/2024 12:40;1483;1;0:00:01;4 kph;100ｰ true
428;Trackpoint;N6 14.283 W75 34.345;29/04/2024 12:40;1483;4;0:00:01;15 kph;104ｰ true
429;Trackpoint;N6 14.283 W75 34.344;29/04/2024 12:40;1483;2;0:00:01;6 kph;115ｰ true
430;Trackpoint;N6 14.282 W75 34.342;29/04/2024 12:40;1483;5;0:00:01;17 kph;118ｰ true
431;Trackpoint;N6 14.280 W75 34.338;29/04/2024 12:40;1483;7;0:00:01;26 kph;109ｰ true
432;Trackpoint;N6 14.279 W75 34.335;29/04/2024 12:40;1483;6;0:00:01;21 kph;109ｰ true
433;Trackpoint;N6 14.278 W75 34.332;29/04/2024 12:40;1483;7;0:00:01;27 kph;115ｰ true
434;Trackpoint;N6 14.277 W75 34.329;29/04/2024 12:40;1483;5;0:00:01;19 kph;107ｰ true
435;Trackpoint;N6 14.274 W75 34.326;29/04/2024 12:40;1483;7;0:00:01;23 kph;137ｰ true
436;Trackpoint;N6 14.272 W75 34.323;29/04/2024 12:40;1483;7;0:00:01;27 kph;116ｰ true
437;Trackpoint;N6 14.270 W75 34.319;29/04/2024 12:40;1483;9;0:00:01;32 kph;115ｰ true
438;Trackpoint;N6 14.269 W75 34.314;29/04/2024 12:40;1483;9;0:00:01;32 kph;111ｰ true
439;Trackpoint;N6 14.267 W75 34.310;29/04/2024 12:40;1483;8;0:00:01;30 kph;109ｰ true
440;Trackpoint;N6 14.266 W75 34.307;29/04/2024 12:40;1483;5;0:00:01;17 kph;113ｰ true
441;Trackpoint;N6 14.266 W75 34.306;29/04/2024 12:40;1483;2;0:00:01;7 kph;108ｰ true
442;Trackpoint;N6 14.266 W75 34.306;29/04/2024 12:40;1483;1;0:00:01;2 kph;22ｰ true
443;Trackpoint;N6 14.266 W75 34.305;29/04/2024 12:40;1483;2;0:00:01;7 kph;115ｰ true
444;Trackpoint;N6 14.265 W75 34.303;29/04/2024 12:40;1483;4;0:00:01;13 kph;100ｰ true
445;Trackpoint;N6 14.265 W75 34.301;29/04/2024 12:40;1483;5;0:00:01;17 kph;103ｰ true
446;Trackpoint;N6 14.264 W75 34.298;29/04/2024 12:40;1483;6;0:00:01;21 kph;108ｰ true
447;Trackpoint;N6 14.263 W75 34.294;29/04/2024 12:41;1483;7;0:00:01;25 kph;112ｰ true
448;Trackpoint;N6 14.261 W75 34.291;29/04/2024 12:41;1483;8;0:00:01;28 kph;113ｰ true
449;Trackpoint;N6 14.259 W75 34.286;29/04/2024 12:41;1483;9;0:00:01;32 kph;117ｰ true
450;Trackpoint;N6 14.257 W75 34.282;29/04/2024 12:41;1483;8;0:00:01;30 kph;112ｰ true
451;Trackpoint;N6 14.254 W75 34.278;29/04/2024 12:41;1483;9;0:00:01;34 kph;122ｰ true
452;Trackpoint;N6 14.252 W75 34.274;29/04/2024 12:41;1483;9;0:00:01;31 kph;116ｰ true
453;Trackpoint;N6 14.251 W75 34.270;29/04/2024 12:41;1484;7;0:00:01;27 kph;115ｰ true
454;Trackpoint;N6 14.249 W75 34.266;29/04/2024 12:41;1484;8;0:00:01;29 kph;114ｰ true
455;Trackpoint;N6 14.247 W75 34.262;29/04/2024 12:41;1484;8;0:00:01;29 kph;113ｰ true
456;Trackpoint;N6 14.245 W75 34.257;29/04/2024 12:41;1484;10;0:00:01;35 kph;113ｰ true
457;Trackpoint;N6 14.243 W75 34.252;29/04/2024 12:41;1484;10;0:00:01;37 kph;111ｰ true
458;Trackpoint;N6 14.241 W75 34.246;29/04/2024 12:41;1484;11;0:00:01;38 kph;112ｰ true
459;Trackpoint;N6 14.239 W75 34.241;29/04/2024 12:41;1484;11;0:00:01;39 kph;108ｰ true
460;Trackpoint;N6 14.238 W75 34.236;29/04/2024 12:41;1484;10;0:00:01;37 kph;109ｰ true
461;Trackpoint;N6 14.236 W75 34.230;29/04/2024 12:41;1484;11;0:00:01;40 kph;103ｰ true
462;Trackpoint;N6 14.235 W75 34.224;29/04/2024 12:41;1485;11;0:00:01;41 kph;100ｰ true
463;Trackpoint;N6 14.234 W75 34.218;29/04/2024 12:41;1485;11;0:00:01;38 kph;102ｰ true
464;Trackpoint;N6 14.233 W75 34.213;29/04/2024 12:41;1485;10;0:00:01;37 kph;102ｰ true
465;Trackpoint;N6 14.232 W75 34.208;29/04/2024 12:41;1485;10;0:00:01;35 kph;105ｰ true
466;Trackpoint;N6 14.230 W75 34.203;29/04/2024 12:41;1485;10;0:00:01;34 kph;103ｰ true
467;Trackpoint;N6 14.229 W75 34.198;29/04/2024 12:41;1485;9;0:00:01;31 kph;106ｰ true
468;Trackpoint;N6 14.227 W75 34.194;29/04/2024 12:41;1486;8;0:00:01;29 kph;114ｰ true
469;Trackpoint;N6 14.226 W75 34.190;29/04/2024 12:41;1486;8;0:00:01;28 kph;116ｰ true
470;Trackpoint;N6 14.224 W75 34.186;29/04/2024 12:41;1486;8;0:00:01;29 kph;117ｰ true
471;Trackpoint;N6 14.221 W75 34.182;29/04/2024 12:41;1486;8;0:00:01;30 kph;119ｰ true
472;Trackpoint;N6 14.219 W75 34.178;29/04/2024 12:41;1486;9;0:00:01;33 kph;118ｰ true
473;Trackpoint;N6 14.217 W75 34.173;29/04/2024 12:41;1486;10;0:00:01;36 kph;112ｰ true
474;Trackpoint;N6 14.215 W75 34.168;29/04/2024 12:41;1486;10;0:00:01;35 kph;117ｰ true
475;Trackpoint;N6 14.212 W75 34.163;29/04/2024 12:41;1487;10;0:00:01;36 kph;117ｰ true
476;Trackpoint;N6 14.210 W75 34.159;29/04/2024 12:41;1487;10;0:00:01;36 kph;117ｰ true
477;Trackpoint;N6 14.207 W75 34.154;29/04/2024 12:41;1487;10;0:00:01;37 kph;117ｰ true
478;Trackpoint;N6 14.205 W75 34.149;29/04/2024 12:41;1488;10;0:00:01;36 kph;115ｰ true
479;Trackpoint;N6 14.203 W75 34.144;29/04/2024 12:41;1488;10;0:00:01;35 kph;116ｰ true
480;Trackpoint;N6 14.200 W75 34.139;29/04/2024 12:41;1488;10;0:00:01;35 kph;117ｰ true
481;Trackpoint;N6 14.198 W75 34.135;29/04/2024 12:41;1489;10;0:00:01;36 kph;119ｰ true
482;Trackpoint;N6 14.195 W75 34.130;29/04/2024 12:41;1489;10;0:00:01;36 kph;121ｰ true
483;Trackpoint;N6 14.192 W75 34.126;29/04/2024 12:41;1490;9;0:00:01;33 kph;130ｰ true
484;Trackpoint;N6 14.188 W75 34.123;29/04/2024 12:41;1490;9;0:00:01;33 kph;137ｰ true
485;Trackpoint;N6 14.184 W75 34.119;29/04/2024 12:41;1491;9;0:00:01;34 kph;136ｰ true
486;Trackpoint;N6 14.180 W75 34.116;29/04/2024 12:41;1491;9;0:00:01;34 kph;141ｰ true
487;Trackpoint;N6 14.176 W75 34.113;29/04/2024 12:41;1492;10;0:00:01;35 kph;149ｰ true
488;Trackpoint;N6 14.171 W75 34.110;29/04/2024 12:41;1493;10;0:00:01;36 kph;149ｰ true
489;Trackpoint;N6 14.166 W75 34.108;29/04/2024 12:41;1493;10;0:00:01;36 kph;158ｰ true
490;Trackpoint;N6 14.161 W75 34.106;29/04/2024 12:41;1494;10;0:00:01;37 kph;157ｰ true
491;Trackpoint;N6 14.156 W75 34.104;29/04/2024 12:41;1494;10;0:00:01;38 kph;158ｰ true
492;Trackpoint;N6 14.151 W75 34.102;29/04/2024 12:41;1495;11;0:00:01;38 kph;159ｰ true
493;Trackpoint;N6 14.145 W75 34.100;29/04/2024 12:41;1495;11;0:00:01;39 kph;160ｰ true
494;Trackpoint;N6 14.139 W75 34.098;29/04/2024 12:41;1496;11;0:00:01;41 kph;163ｰ true
495;Trackpoint;N6 14.133 W75 34.097;29/04/2024 12:41;1496;11;0:00:01;41 kph;169ｰ true
496;Trackpoint;N6 14.127 W75 34.095;29/04/2024 12:41;1497;12;0:00:01;42 kph;161ｰ true
497;Trackpoint;N6 14.121 W75 34.093;29/04/2024 12:41;1497;12;0:00:01;42 kph;164ｰ true
498;Trackpoint;N6 14.115 W75 34.092;29/04/2024 12:41;1498;12;0:00:01;42 kph;164ｰ true
499;Trackpoint;N6 14.109 W75 34.089;29/04/2024 12:41;1499;12;0:00:01;43 kph;160ｰ true
500;Trackpoint;N6 14.103 W75 34.087;29/04/2024 12:41;1500;12;0:00:01;43 kph;155ｰ true
501;Trackpoint;N6 14.097 W75 34.084;29/04/2024 12:41;1500;12;0:00:01;43 kph;159ｰ true
502;Trackpoint;N6 14.091 W75 34.082;29/04/2024 12:41;1501;13;0:00:01;45 kph;161ｰ true
503;Trackpoint;N6 14.085 W75 34.080;29/04/2024 12:41;1502;13;0:00:01;45 kph;160ｰ true
504;Trackpoint;N6 14.078 W75 34.077;29/04/2024 12:41;1503;13;0:00:01;45 kph;159ｰ true
505;Trackpoint;N6 14.072 W75 34.075;29/04/2024 12:41;1503;12;0:00:01;44 kph;162ｰ true
506;Trackpoint;N6 14.066 W75 34.073;29/04/2024 12:41;1504;12;0:00:01;45 kph;161ｰ true
507;Trackpoint;N6 14.059 W75 34.071;29/04/2024 12:42;1505;13;0:00:01;45 kph;162ｰ true
508;Trackpoint;N6 14.053 W75 34.068;29/04/2024 12:42;1506;12;0:00:01;45 kph;154ｰ true
509;Trackpoint;N6 14.047 W75 34.065;29/04/2024 12:42;1506;12;0:00:01;44 kph;154ｰ true
510;Trackpoint;N6 14.042 W75 34.061;29/04/2024 12:42;1507;12;0:00:01;43 kph;146ｰ true
511;Trackpoint;N6 14.036 W75 34.058;29/04/2024 12:42;1508;12;0:00:01;43 kph;148ｰ true
512;Trackpoint;N6 14.031 W75 34.054;29/04/2024 12:42;1509;12;0:00:01;42 kph;144ｰ true
513;Trackpoint;N6 14.026 W75 34.051;29/04/2024 12:42;1509;12;0:00:01;42 kph;144ｰ true
514;Trackpoint;N6 14.022 W75 34.046;29/04/2024 12:42;1510;11;0:00:01;41 kph;138ｰ true
515;Trackpoint;N6 14.017 W75 34.042;29/04/2024 12:42;1511;12;0:00:01;42 kph;133ｰ true
516;Trackpoint;N6 14.013 W75 34.037;29/04/2024 12:42;1511;12;0:00:01;42 kph;132ｰ true
517;Trackpoint;N6 14.008 W75 34.032;29/04/2024 12:42;1511;12;0:00:01;44 kph;134ｰ true
518;Trackpoint;N6 14.004 W75 34.027;29/04/2024 12:42;1512;12;0:00:01;44 kph;133ｰ true
519;Trackpoint;N6 14.000 W75 34.022;29/04/2024 12:42;1512;12;0:00:01;44 kph;130ｰ true
520;Trackpoint;N6 13.995 W75 34.018;29/04/2024 12:42;1513;12;0:00:01;44 kph;138ｰ true
521;Trackpoint;N6 13.990 W75 34.013;29/04/2024 12:42;1514;12;0:00:01;45 kph;135ｰ true
522;Trackpoint;N6 13.985 W75 34.009;29/04/2024 12:42;1514;12;0:00:01;45 kph;143ｰ true
523;Trackpoint;N6 13.980 W75 34.004;29/04/2024 12:42;1515;12;0:00:01;45 kph;136ｰ true
524;Trackpoint;N6 13.975 W75 34.000;29/04/2024 12:42;1516;13;0:00:01;45 kph;137ｰ true
525;Trackpoint;N6 13.970 W75 33.995;29/04/2024 12:42;1516;13;0:00:01;47 kph;138ｰ true
526;Trackpoint;N6 13.960 W75 33.999;29/04/2024 12:42;1517;20;0:00:01;72 kph;199ｰ true
527;Trackpoint;N6 13.954 W75 33.995;29/04/2024 12:42;1518;13;0:00:01;46 kph;150ｰ true
528;Trackpoint;N6 13.948 W75 33.991;29/04/2024 12:42;1519;13;0:00:01;46 kph;149ｰ true
529;Trackpoint;N6 13.942 W75 33.988;29/04/2024 12:42;1520;13;0:00:01;47 kph;151ｰ true
530;Trackpoint;N6 13.936 W75 33.984;29/04/2024 12:42;1520;13;0:00:01;48 kph;148ｰ true
531;Trackpoint;N6 13.929 W75 33.981;29/04/2024 12:42;1521;13;0:00:01;48 kph;151ｰ true
532;Trackpoint;N6 13.923 W75 33.977;29/04/2024 12:42;1522;13;0:00:01;47 kph;151ｰ true
533;Trackpoint;N6 13.917 W75 33.974;29/04/2024 12:42;1522;13;0:00:01;47 kph;149ｰ true
534;Trackpoint;N6 13.911 W75 33.970;29/04/2024 12:42;1523;13;0:00:01;47 kph;150ｰ true
535;Trackpoint;N6 13.905 W75 33.967;29/04/2024 12:42;1524;13;0:00:01;47 kph;153ｰ true
536;Trackpoint;N6 13.899 W75 33.963;29/04/2024 12:42;1524;13;0:00:01;46 kph;150ｰ true
537;Trackpoint;N6 13.893 W75 33.960;29/04/2024 12:42;1525;13;0:00:01;47 kph;152ｰ true
538;Trackpoint;N6 13.886 W75 33.957;29/04/2024 12:42;1525;13;0:00:01;47 kph;156ｰ true
539;Trackpoint;N6 13.880 W75 33.954;29/04/2024 12:42;1526;13;0:00:01;45 kph;156ｰ true
540;Trackpoint;N6 13.874 W75 33.953;29/04/2024 12:42;1527;12;0:00:01;43 kph;168ｰ true
541;Trackpoint;N6 13.867 W75 33.952;29/04/2024 12:42;1528;12;0:00:01;43 kph;175ｰ true
542;Trackpoint;N6 13.861 W75 33.953;29/04/2024 12:42;1529;12;0:00:01;44 kph;183ｰ true
543;Trackpoint;N6 13.854 W75 33.954;29/04/2024 12:42;1530;12;0:00:01;43 kph;190ｰ true
544;Trackpoint;N6 13.848 W75 33.955;29/04/2024 12:42;1531;12;0:00:01;42 kph;194ｰ true
545;Trackpoint;N6 13.842 W75 33.957;29/04/2024 12:42;1532;12;0:00:01;42 kph;197ｰ true
546;Trackpoint;N6 13.837 W75 33.960;29/04/2024 12:42;1532;11;0:00:01;40 kph;206ｰ true
547;Trackpoint;N6 13.832 W75 33.963;29/04/2024 12:42;1533;11;0:00:01;38 kph;208ｰ true
548;Trackpoint;N6 13.827 W75 33.965;29/04/2024 12:42;1534;10;0:00:01;38 kph;209ｰ true
549;Trackpoint;N6 13.822 W75 33.969;29/04/2024 12:42;1535;11;0:00:01;39 kph;217ｰ true
550;Trackpoint;N6 13.817 W75 33.973;29/04/2024 12:42;1536;11;0:00:01;41 kph;219ｰ true
551;Trackpoint;N6 13.813 W75 33.977;29/04/2024 12:42;1536;11;0:00:01;40 kph;222ｰ true
552;Trackpoint;N6 13.809 W75 33.980;29/04/2024 12:42;1537;11;0:00:01;38 kph;218ｰ true
553;Trackpoint;N6 13.803 W75 33.983;29/04/2024 12:42;1538;11;0:00:01;38 kph;205ｰ true
554;Trackpoint;N6 13.799 W75 33.985;29/04/2024 12:42;1539;10;0:00:01;36 kph;206ｰ true
555;Trackpoint;N6 13.794 W75 33.987;29/04/2024 12:42;1539;10;0:00:01;34 kph;200ｰ true
556;Trackpoint;N6 13.788 W75 33.988;29/04/2024 12:42;1540;10;0:00:01;35 kph;188ｰ true
557;Trackpoint;N6 13.783 W75 33.989;29/04/2024 12:42;1540;10;0:00:01;36 kph;199ｰ true
558;Trackpoint;N6 13.778 W75 33.991;29/04/2024 12:42;1541;10;0:00:01;36 kph;195ｰ true
559;Trackpoint;N6 13.773 W75 33.993;29/04/2024 12:42;1542;10;0:00:01;36 kph;202ｰ true
560;Trackpoint;N6 13.768 W75 33.994;29/04/2024 12:42;1542;10;0:00:01;38 kph;191ｰ true
561;Trackpoint;N6 13.762 W75 33.995;29/04/2024 12:42;1543;11;0:00:01;39 kph;194ｰ true
562;Trackpoint;N6 13.756 W75 33.996;29/04/2024 12:42;1543;11;0:00:01;39 kph;189ｰ true
563;Trackpoint;N6 13.751 W75 33.997;29/04/2024 12:42;1544;11;0:00:01;39 kph;190ｰ true
564;Trackpoint;N6 13.745 W75 33.998;29/04/2024 12:42;1545;11;0:00:01;39 kph;188ｰ true
565;Trackpoint;N6 13.739 W75 33.998;29/04/2024 12:42;1546;11;0:00:01;40 kph;184ｰ true
566;Trackpoint;N6 13.733 W75 33.999;29/04/2024 12:42;1546;11;0:00:01;40 kph;188ｰ true
567;Trackpoint;N6 13.727 W75 34.000;29/04/2024 12:43;1547;11;0:00:01;39 kph;190ｰ true
568;Trackpoint;N6 13.721 W75 34.001;29/04/2024 12:43;1548;11;0:00:01;39 kph;184ｰ true
569;Trackpoint;N6 13.715 W75 34.001;29/04/2024 12:43;1549;11;0:00:01;40 kph;180ｰ true
570;Trackpoint;N6 13.709 W75 34.001;29/04/2024 12:43;1550;11;0:00:01;40 kph;180ｰ true
571;Trackpoint;N6 13.703 W75 34.000;29/04/2024 12:43;1550;11;0:00:01;41 kph;171ｰ true
572;Trackpoint;N6 13.698 W75 33.998;29/04/2024 12:43;1551;11;0:00:01;41 kph;160ｰ true
573;Trackpoint;N6 13.692 W75 33.995;29/04/2024 12:43;1551;11;0:00:01;41 kph;153ｰ true
574;Trackpoint;N6 13.687 W75 33.991;29/04/2024 12:43;1552;12;0:00:01;42 kph;144ｰ true
575;Trackpoint;N6 13.682 W75 33.987;29/04/2024 12:43;1553;12;0:00:01;43 kph;139ｰ true
576;Trackpoint;N6 13.678 W75 33.982;29/04/2024 12:43;1553;12;0:00:01;43 kph;133ｰ true
577;Trackpoint;N6 13.673 W75 33.977;29/04/2024 12:43;1553;13;0:00:01;46 kph;132ｰ true
578;Trackpoint;N6 13.669 W75 33.971;29/04/2024 12:43;1554;13;0:00:01;47 kph;126ｰ true
579;Trackpoint;N6 13.665 W75 33.966;29/04/2024 12:43;1554;13;0:00:01;47 kph;128ｰ true
580;Trackpoint;N6 13.660 W75 33.960;29/04/2024 12:43;1554;13;0:00:01;46 kph;127ｰ true
581;Trackpoint;N6 13.657 W75 33.955;29/04/2024 12:43;1555;12;0:00:01;45 kph;125ｰ true
582;Trackpoint;N6 13.652 W75 33.949;29/04/2024 12:43;1555;12;0:00:01;45 kph;128ｰ true
583;Trackpoint;N6 13.648 W75 33.944;29/04/2024 12:43;1556;12;0:00:01;44 kph;128ｰ true
584;Trackpoint;N6 13.644 W75 33.940;29/04/2024 12:43;1556;12;0:00:01;43 kph;139ｰ true
585;Trackpoint;N6 13.638 W75 33.936;29/04/2024 12:43;1557;12;0:00:01;44 kph;142ｰ true
586;Trackpoint;N6 13.633 W75 33.932;29/04/2024 12:43;1557;12;0:00:01;44 kph;145ｰ true
587;Trackpoint;N6 13.628 W75 33.928;29/04/2024 12:43;1558;12;0:00:01;42 kph;142ｰ true
588;Trackpoint;N6 13.623 W75 33.924;29/04/2024 12:43;1558;11;0:00:01;41 kph;142ｰ true
589;Trackpoint;N6 13.618 W75 33.920;29/04/2024 12:43;1559;11;0:00:01;41 kph;142ｰ true
590;Trackpoint;N6 13.613 W75 33.917;29/04/2024 12:43;1559;12;0:00:01;42 kph;141ｰ true
591;Trackpoint;N6 13.608 W75 33.912;29/04/2024 12:43;1560;12;0:00:01;43 kph;140ｰ true
592;Trackpoint;N6 13.603 W75 33.909;29/04/2024 12:43;1560;12;0:00:01;42 kph;146ｰ true
593;Trackpoint;N6 13.598 W75 33.905;29/04/2024 12:43;1561;12;0:00:01;42 kph;146ｰ true
594;Trackpoint;N6 13.593 W75 33.902;29/04/2024 12:43;1562;12;0:00:01;42 kph;147ｰ true
595;Trackpoint;N6 13.588 W75 33.899;29/04/2024 12:43;1562;11;0:00:01;41 kph;147ｰ true
596;Trackpoint;N6 13.582 W75 33.896;29/04/2024 12:43;1562;11;0:00:01;40 kph;150ｰ true
597;Trackpoint;N6 13.577 W75 33.893;29/04/2024 12:43;1563;11;0:00:01;39 kph;153ｰ true
598;Trackpoint;N6 13.572 W75 33.891;29/04/2024 12:43;1563;10;0:00:01;37 kph;162ｰ true
599;Trackpoint;N6 13.567 W75 33.890;29/04/2024 12:43;1563;11;0:00:01;39 kph;165ｰ true
600;Trackpoint;N6 13.561 W75 33.891;29/04/2024 12:43;1563;10;0:00:01;37 kph;189ｰ true
601;Trackpoint;N6 13.556 W75 33.892;29/04/2024 12:43;1564;10;0:00:01;36 kph;196ｰ true
602;Trackpoint;N6 13.551 W75 33.894;29/04/2024 12:43;1564;9;0:00:01;33 kph;203ｰ true
603;Trackpoint;N6 13.547 W75 33.896;29/04/2024 12:43;1564;9;0:00:01;32 kph;205ｰ true
604;Trackpoint;N6 13.543 W75 33.899;29/04/2024 12:43;1565;10;0:00:01;34 kph;211ｰ true
605;Trackpoint;N6 13.538 W75 33.902;29/04/2024 12:43;1566;10;0:00:01;37 kph;211ｰ true
606;Trackpoint;N6 13.533 W75 33.905;29/04/2024 12:43;1567;11;0:00:01;38 kph;215ｰ true
607;Trackpoint;N6 13.528 W75 33.908;29/04/2024 12:43;1568;11;0:00:01;41 kph;213ｰ true
608;Trackpoint;N6 13.523 W75 33.911;29/04/2024 12:43;1569;11;0:00:01;40 kph;208ｰ true
609;Trackpoint;N6 13.518 W75 33.914;29/04/2024 12:43;1569;11;0:00:01;39 kph;208ｰ true
610;Trackpoint;N6 13.512 W75 33.917;29/04/2024 12:43;1570;11;0:00:01;40 kph;207ｰ true
611;Trackpoint;N6 13.506 W75 33.919;29/04/2024 12:43;1570;12;0:00:01;42 kph;197ｰ true
612;Trackpoint;N6 13.499 W75 33.920;29/04/2024 12:43;1571;13;0:00:01;46 kph;188ｰ true
613;Trackpoint;N6 13.492 W75 33.919;29/04/2024 12:43;1571;13;0:00:01;46 kph;180ｰ true
614;Trackpoint;N6 13.485 W75 33.918;29/04/2024 12:43;1572;13;0:00:01;47 kph;171ｰ true
615;Trackpoint;N6 13.479 W75 33.917;29/04/2024 12:43;1572;13;0:00:01;47 kph;166ｰ true
616;Trackpoint;N6 13.472 W75 33.914;29/04/2024 12:43;1573;13;0:00:01;47 kph;162ｰ true
617;Trackpoint;N6 13.465 W75 33.913;29/04/2024 12:43;1573;13;0:00:01;48 kph;165ｰ true
618;Trackpoint;N6 13.458 W75 33.911;29/04/2024 12:43;1574;13;0:00:01;48 kph;164ｰ true
619;Trackpoint;N6 13.451 W75 33.909;29/04/2024 12:43;1574;13;0:00:01;48 kph;166ｰ true
620;Trackpoint;N6 13.445 W75 33.907;29/04/2024 12:43;1575;13;0:00:01;45 kph;163ｰ true
621;Trackpoint;N6 13.438 W75 33.904;29/04/2024 12:43;1575;13;0:00:01;47 kph;158ｰ true
622;Trackpoint;N6 13.432 W75 33.904;29/04/2024 12:43;1576;12;0:00:01;44 kph;178ｰ true
623;Trackpoint;N6 13.425 W75 33.904;29/04/2024 12:43;1577;12;0:00:01;44 kph;181ｰ true
624;Trackpoint;N6 13.419 W75 33.909;29/04/2024 12:43;1577;15;0:00:01;54 kph;220ｰ true
625;Trackpoint;N6 13.412 W75 33.910;29/04/2024 12:43;1578;12;0:00:01;44 kph;187ｰ true
626;Trackpoint;N6 13.406 W75 33.909;29/04/2024 12:43;1578;12;0:00:01;45 kph;173ｰ true
627;Trackpoint;N6 13.399 W75 33.909;29/04/2024 12:44;1579;12;0:00:01;43 kph;181ｰ true
628;Trackpoint;N6 13.393 W75 33.910;29/04/2024 12:44;1580;11;0:00:01;41 kph;185ｰ true
629;Trackpoint;N6 13.388 W75 33.911;29/04/2024 12:44;1580;11;0:00:01;38 kph;191ｰ true
630;Trackpoint;N6 13.382 W75 33.912;29/04/2024 12:44;1581;10;0:00:01;36 kph;192ｰ true
631;Trackpoint;N6 13.377 W75 33.913;29/04/2024 12:44;1581;10;0:00:01;35 kph;187ｰ true
632;Trackpoint;N6 13.372 W75 33.913;29/04/2024 12:44;1582;9;0:00:01;33 kph;187ｰ true
633;Trackpoint;N6 13.367 W75 33.914;29/04/2024 12:44;1582;9;0:00:01;33 kph;188ｰ true
634;Trackpoint;N6 13.362 W75 33.915;29/04/2024 12:44;1582;9;0:00:01;33 kph;193ｰ true
635;Trackpoint;N6 13.358 W75 33.916;29/04/2024 12:44;1583;9;0:00:01;33 kph;191ｰ true
636;Trackpoint;N6 13.353 W75 33.917;29/04/2024 12:44;1583;10;0:00:01;34 kph;192ｰ true
637;Trackpoint;N6 13.347 W75 33.918;29/04/2024 12:44;1584;10;0:00:01;35 kph;188ｰ true
638;Trackpoint;N6 13.342 W75 33.919;29/04/2024 12:44;1584;10;0:00:01;36 kph;190ｰ true
639;Trackpoint;N6 13.337 W75 33.919;29/04/2024 12:44;1584;10;0:00:01;37 kph;189ｰ true
640;Trackpoint;N6 13.331 W75 33.921;29/04/2024 12:44;1585;11;0:00:01;38 kph;192ｰ true
641;Trackpoint;N6 13.325 W75 33.922;29/04/2024 12:44;1585;11;0:00:01;39 kph;192ｰ true
642;Trackpoint;N6 13.320 W75 33.923;29/04/2024 12:44;1586;11;0:00:01;39 kph;186ｰ true
643;Trackpoint;N6 13.314 W75 33.923;29/04/2024 12:44;1586;11;0:00:01;40 kph;186ｰ true
644;Trackpoint;N6 13.308 W75 33.924;29/04/2024 12:44;1587;11;0:00:01;41 kph;186ｰ true
645;Trackpoint;N6 13.301 W75 33.924;29/04/2024 12:44;1588;12;0:00:01;42 kph;186ｰ true
646;Trackpoint;N6 13.295 W75 33.925;29/04/2024 12:44;1588;12;0:00:01;43 kph;184ｰ true
647;Trackpoint;N6 13.289 W75 33.926;29/04/2024 12:44;1589;12;0:00:01;44 kph;188ｰ true
648;Trackpoint;N6 13.282 W75 33.927;29/04/2024 12:44;1589;12;0:00:01;44 kph;187ｰ true
649;Trackpoint;N6 13.275 W75 33.928;29/04/2024 12:44;1590;12;0:00:01;45 kph;190ｰ true
650;Trackpoint;N6 13.269 W75 33.929;29/04/2024 12:44;1590;12;0:00:01;45 kph;194ｰ true
651;Trackpoint;N6 13.262 W75 33.932;29/04/2024 12:44;1591;13;0:00:01;45 kph;200ｰ true
652;Trackpoint;N6 13.257 W75 33.935;29/04/2024 12:44;1591;12;0:00:01;43 kph;215ｰ true
653;Trackpoint;N6 13.253 W75 33.940;29/04/2024 12:44;1592;11;0:00:01;41 kph;228ｰ true
654;Trackpoint;N6 13.250 W75 33.945;29/04/2024 12:44;1592;12;0:00:01;42 kph;236ｰ true
655;Trackpoint;N6 13.247 W75 33.951;29/04/2024 12:44;1593;12;0:00:01;43 kph;244ｰ true
656;Trackpoint;N6 13.244 W75 33.957;29/04/2024 12:44;1593;12;0:00:01;43 kph;244ｰ true
657;Trackpoint;N6 13.241 W75 33.962;29/04/2024 12:44;1594;11;0:00:01;40 kph;238ｰ true
658;Trackpoint;N6 13.238 W75 33.968;29/04/2024 12:44;1594;11;0:00:01;41 kph;244ｰ true
659;Trackpoint;N6 13.235 W75 33.973;29/04/2024 12:44;1595;12;0:00:01;43 kph;236ｰ true
660;Trackpoint;N6 13.231 W75 33.978;29/04/2024 12:44;1595;11;0:00:01;41 kph;231ｰ true
661;Trackpoint;N6 13.226 W75 33.981;29/04/2024 12:44;1596;10;0:00:01;37 kph;217ｰ true
662;Trackpoint;N6 13.221 W75 33.984;29/04/2024 12:44;1596;10;0:00:01;36 kph;208ｰ true
663;Trackpoint;N6 13.216 W75 33.985;29/04/2024 12:44;1597;11;0:00:01;39 kph;192ｰ true
664;Trackpoint;N6 13.210 W75 33.986;29/04/2024 12:44;1598;11;0:00:01;41 kph;186ｰ true
665;Trackpoint;N6 13.203 W75 33.986;29/04/2024 12:44;1598;11;0:00:01;41 kph;181ｰ true
666;Trackpoint;N6 13.197 W75 33.985;29/04/2024 12:44;1599;11;0:00:01;41 kph;173ｰ true
667;Trackpoint;N6 13.191 W75 33.983;29/04/2024 12:44;1600;12;0:00:01;42 kph;162ｰ true
668;Trackpoint;N6 13.185 W75 33.980;29/04/2024 12:44;1601;12;0:00:01;43 kph;156ｰ true
669;Trackpoint;N6 13.180 W75 33.978;29/04/2024 12:44;1601;12;0:00:01;42 kph;158ｰ true
670;Trackpoint;N6 13.173 W75 33.976;29/04/2024 12:44;1601;12;0:00:01;43 kph;160ｰ true
671;Trackpoint;N6 13.167 W75 33.974;29/04/2024 12:44;1602;12;0:00:01;43 kph;160ｰ true
672;Trackpoint;N6 13.161 W75 33.971;29/04/2024 12:44;1602;12;0:00:01;42 kph;159ｰ true
673;Trackpoint;N6 13.155 W75 33.970;29/04/2024 12:44;1603;11;0:00:01;41 kph;165ｰ true
674;Trackpoint;N6 13.149 W75 33.968;29/04/2024 12:44;1603;11;0:00:01;41 kph;167ｰ true
675;Trackpoint;N6 13.143 W75 33.968;29/04/2024 12:44;1604;12;0:00:01;42 kph;173ｰ true
676;Trackpoint;N6 13.137 W75 33.967;29/04/2024 12:44;1604;12;0:00:01;42 kph;174ｰ true
677;Trackpoint;N6 13.131 W75 33.967;29/04/2024 12:44;1605;11;0:00:01;41 kph;178ｰ true
678;Trackpoint;N6 13.125 W75 33.967;29/04/2024 12:44;1605;11;0:00:01;40 kph;179ｰ true
679;Trackpoint;N6 13.119 W75 33.968;29/04/2024 12:44;1606;10;0:00:01;38 kph;190ｰ true
680;Trackpoint;N6 13.114 W75 33.968;29/04/2024 12:44;1606;9;0:00:01;33 kph;183ｰ true
681;Trackpoint;N6 13.110 W75 33.967;29/04/2024 12:44;1606;9;0:00:01;33 kph;168ｰ true
682;Trackpoint;N6 13.105 W75 33.965;29/04/2024 12:44;1607;9;0:00:01;33 kph;161ｰ true
683;Trackpoint;N6 13.100 W75 33.963;29/04/2024 12:44;1607;10;0:00:01;35 kph;158ｰ true
684;Trackpoint;N6 13.096 W75 33.960;29/04/2024 12:44;1608;10;0:00:01;35 kph;148ｰ true
685;Trackpoint;N6 13.091 W75 33.957;29/04/2024 12:44;1608;10;0:00:01;37 kph;139ｰ true
686;Trackpoint;N6 13.088 W75 33.952;29/04/2024 12:44;1608;11;0:00:01;39 kph;124ｰ true
687;Trackpoint;N6 13.086 W75 33.946;29/04/2024 12:45;1609;11;0:00:01;41 kph;115ｰ true
688;Trackpoint;N6 13.084 W75 33.940;29/04/2024 12:45;1609;11;0:00:01;41 kph;103ｰ true
689;Trackpoint;N6 13.083 W75 33.934;29/04/2024 12:45;1610;12;0:00:01;42 kph;98ｰ true
690;Trackpoint;N6 13.083 W75 33.928;29/04/2024 12:45;1610;12;0:00:01;43 kph;94ｰ true
691;Trackpoint;N6 13.083 W75 33.921;29/04/2024 12:45;1611;12;0:00:01;43 kph;88ｰ true
692;Trackpoint;N6 13.084 W75 33.915;29/04/2024 12:45;1612;12;0:00:01;43 kph;84ｰ true
693;Trackpoint;N6 13.084 W75 33.908;29/04/2024 12:45;1612;12;0:00:01;42 kph;86ｰ true
694;Trackpoint;N6 13.084 W75 33.902;29/04/2024 12:45;1613;11;0:00:01;41 kph;88ｰ true
695;Trackpoint;N6 13.084 W75 33.896;29/04/2024 12:45;1614;11;0:00:01;39 kph;89ｰ true
696;Trackpoint;N6 13.084 W75 33.891;29/04/2024 12:45;1614;10;0:00:01;37 kph;93ｰ true
697;Trackpoint;N6 13.083 W75 33.886;29/04/2024 12:45;1615;10;0:00:01;35 kph;102ｰ true
698;Trackpoint;N6 13.082 W75 33.881;29/04/2024 12:45;1616;9;0:00:01;34 kph;105ｰ true
699;Trackpoint;N6 13.079 W75 33.876;29/04/2024 12:45;1617;9;0:00:01;33 kph;120ｰ true
700;Trackpoint;N6 13.076 W75 33.873;29/04/2024 12:45;1618;9;0:00:01;31 kph;133ｰ true
701;Trackpoint;N6 13.072 W75 33.870;29/04/2024 12:45;1618;9;0:00:01;31 kph;144ｰ true
702;Trackpoint;N6 13.069 W75 33.868;29/04/2024 12:45;1619;8;0:00:01;30 kph;148ｰ true
703;Trackpoint;N6 13.065 W75 33.866;29/04/2024 12:45;1620;8;0:00:01;30 kph;155ｰ true
704;Trackpoint;N6 13.060 W75 33.864;29/04/2024 12:45;1621;8;0:00:01;30 kph;157ｰ true
705;Trackpoint;N6 13.056 W75 33.863;29/04/2024 12:45;1622;9;0:00:01;31 kph;166ｰ true
706;Trackpoint;N6 13.051 W75 33.862;29/04/2024 12:45;1622;9;0:00:01;32 kph;167ｰ true
707;Trackpoint;N6 13.046 W75 33.862;29/04/2024 12:45;1623;9;0:00:01;33 kph;179ｰ true
708;Trackpoint;N6 13.041 W75 33.862;29/04/2024 12:45;1623;10;0:00:01;35 kph;184ｰ true
709;Trackpoint;N6 13.036 W75 33.864;29/04/2024 12:45;1624;10;0:00:01;35 kph;193ｰ true
710;Trackpoint;N6 13.031 W75 33.864;29/04/2024 12:45;1624;9;0:00:01;33 kph;182ｰ true
711;Trackpoint;N6 13.026 W75 33.864;29/04/2024 12:45;1625;9;0:00:01;33 kph;185ｰ true
712;Trackpoint;N6 13.021 W75 33.864;29/04/2024 12:45;1626;9;0:00:01;34 kph;180ｰ true
713;Trackpoint;N6 13.016 W75 33.864;29/04/2024 12:45;1626;10;0:00:01;36 kph;183ｰ true
714;Trackpoint;N6 13.010 W75 33.864;29/04/2024 12:45;1627;11;0:00:01;39 kph;174ｰ true
715;Trackpoint;N6 13.004 W75 33.862;29/04/2024 12:45;1628;11;0:00:01;40 kph;159ｰ true
716;Trackpoint;N6 12.999 W75 33.859;29/04/2024 12:45;1628;12;0:00:01;42 kph;154ｰ true
717;Trackpoint;N6 12.993 W75 33.856;29/04/2024 12:45;1629;12;0:00:01;43 kph;154ｰ true
718;Trackpoint;N6 12.988 W75 33.852;29/04/2024 12:45;1629;12;0:00:01;42 kph;138ｰ true
719;Trackpoint;N6 12.983 W75 33.847;29/04/2024 12:45;1630;12;0:00:01;43 kph;137ｰ true
720;Trackpoint;N6 12.979 W75 33.843;29/04/2024 12:45;1631;12;0:00:01;44 kph;133ｰ true
721;Trackpoint;N6 12.974 W75 33.838;29/04/2024 12:45;1631;12;0:00:01;45 kph;136ｰ true
722;Trackpoint;N6 12.969 W75 33.833;29/04/2024 12:45;1632;12;0:00:01;44 kph;135ｰ true
723;Trackpoint;N6 12.965 W75 33.829;29/04/2024 12:45;1633;12;0:00:01;42 kph;140ｰ true
724;Trackpoint;N6 12.961 W75 33.825;29/04/2024 12:45;1633;11;0:00:01;40 kph;133ｰ true
725;Trackpoint;N6 12.957 W75 33.820;29/04/2024 12:45;1633;11;0:00:01;39 kph;129ｰ true
726;Trackpoint;N6 12.953 W75 33.815;29/04/2024 12:45;1634;11;0:00:01;41 kph;126ｰ true
727;Trackpoint;N6 12.949 W75 33.810;29/04/2024 12:45;1635;12;0:00:01;43 kph;128ｰ true
728;Trackpoint;N6 12.946 W75 33.804;29/04/2024 12:45;1635;12;0:00:01;44 kph;119ｰ true
729;Trackpoint;N6 12.943 W75 33.798;29/04/2024 12:45;1636;12;0:00:01;45 kph;115ｰ true
730;Trackpoint;N6 12.941 W75 33.792;29/04/2024 12:45;1636;13;0:00:01;46 kph;112ｰ true
731;Trackpoint;N6 12.938 W75 33.785;29/04/2024 12:45;1637;13;0:00:01;47 kph;112ｰ true
732;Trackpoint;N6 12.936 W75 33.779;29/04/2024 12:45;1637;13;0:00:01;48 kph;109ｰ true
733;Trackpoint;N6 12.934 W75 33.772;29/04/2024 12:45;1638;13;0:00:01;48 kph;107ｰ true
734;Trackpoint;N6 12.932 W75 33.765;29/04/2024 12:45;1638;13;0:00:01;48 kph;107ｰ true
735;Trackpoint;N6 12.930 W75 33.758;29/04/2024 12:45;1639;13;0:00:01;48 kph;105ｰ true
736;Trackpoint;N6 12.928 W75 33.751;29/04/2024 12:45;1640;13;0:00:01;47 kph;104ｰ true
737;Trackpoint;N6 12.926 W75 33.744;29/04/2024 12:45;1640;13;0:00:01;48 kph;105ｰ true
738;Trackpoint;N6 12.924 W75 33.737;29/04/2024 12:45;1641;13;0:00:01;47 kph;104ｰ true
739;Trackpoint;N6 12.922 W75 33.730;29/04/2024 12:45;1641;13;0:00:01;47 kph;106ｰ true
740;Trackpoint;N6 12.921 W75 33.723;29/04/2024 12:45;1642;13;0:00:01;47 kph;103ｰ true
741;Trackpoint;N6 12.919 W75 33.717;29/04/2024 12:45;1643;13;0:00:01;46 kph;107ｰ true
742;Trackpoint;N6 12.917 W75 33.710;29/04/2024 12:45;1643;13;0:00:01;46 kph;103ｰ true
743;Trackpoint;N6 12.916 W75 33.703;29/04/2024 12:45;1644;12;0:00:01;45 kph;100ｰ true
744;Trackpoint;N6 12.915 W75 33.697;29/04/2024 12:45;1645;12;0:00:01;45 kph;101ｰ true
745;Trackpoint;N6 12.913 W75 33.690;29/04/2024 12:45;1645;13;0:00:01;45 kph;105ｰ true
746;Trackpoint;N6 12.912 W75 33.683;29/04/2024 12:45;1646;12;0:00:01;45 kph;102ｰ true
747;Trackpoint;N6 12.910 W75 33.677;29/04/2024 12:46;1647;12;0:00:01;45 kph;104ｰ true
748;Trackpoint;N6 12.909 W75 33.670;29/04/2024 12:46;1648;12;0:00:01;44 kph;102ｰ true
749;Trackpoint;N6 12.908 W75 33.664;29/04/2024 12:46;1649;12;0:00:01;43 kph;98ｰ true
750;Trackpoint;N6 12.907 W75 33.658;29/04/2024 12:46;1650;11;0:00:01;41 kph;100ｰ true
751;Trackpoint;N6 12.905 W75 33.652;29/04/2024 12:46;1651;11;0:00:01;41 kph;101ｰ true
752;Trackpoint;N6 12.905 W75 33.646;29/04/2024 12:46;1651;11;0:00:01;41 kph;99ｰ true
753;Trackpoint;N6 12.903 W75 33.640;29/04/2024 12:46;1652;11;0:00:01;41 kph;105ｰ true
754;Trackpoint;N6 12.902 W75 33.633;29/04/2024 12:46;1652;12;0:00:01;43 kph;102ｰ true
755;Trackpoint;N6 12.901 W75 33.627;29/04/2024 12:46;1653;12;0:00:01;44 kph;99ｰ true
756;Trackpoint;N6 12.899 W75 33.620;29/04/2024 12:46;1655;12;0:00:01;45 kph;102ｰ true
757;Trackpoint;N6 12.898 W75 33.613;29/04/2024 12:46;1656;13;0:00:01;47 kph;101ｰ true
758;Trackpoint;N6 12.896 W75 33.606;29/04/2024 12:46;1657;14;0:00:01;49 kph;101ｰ true
759;Trackpoint;N6 12.895 W75 33.599;29/04/2024 12:46;1658;14;0:00:01;49 kph;101ｰ true
760;Trackpoint;N6 12.893 W75 33.592;29/04/2024 12:46;1659;14;0:00:01;49 kph;103ｰ true
761;Trackpoint;N6 12.892 W75 33.584;29/04/2024 12:46;1660;14;0:00:01;50 kph;101ｰ true
762;Trackpoint;N6 12.890 W75 33.577;29/04/2024 12:46;1661;14;0:00:01;50 kph;103ｰ true
763;Trackpoint;N6 12.889 W75 33.569;29/04/2024 12:46;1662;14;0:00:01;51 kph;101ｰ true
764;Trackpoint;N6 12.887 W75 33.562;29/04/2024 12:46;1663;14;0:00:01;51 kph;102ｰ true
765;Trackpoint;N6 12.885 W75 33.555;29/04/2024 12:46;1664;14;0:00:01;50 kph;104ｰ true
766;Trackpoint;N6 12.883 W75 33.548;29/04/2024 12:46;1665;13;0:00:01;48 kph;104ｰ true
767;Trackpoint;N6 12.882 W75 33.541;29/04/2024 12:46;1666;13;0:00:01;46 kph;104ｰ true
768;Trackpoint;N6 12.880 W75 33.534;29/04/2024 12:46;1667;13;0:00:01;45 kph;102ｰ true
769;Trackpoint;N6 12.879 W75 33.528;29/04/2024 12:46;1668;12;0:00:01;43 kph;105ｰ true
770;Trackpoint;N6 12.877 W75 33.522;29/04/2024 12:46;1669;12;0:00:01;42 kph;103ｰ true
771;Trackpoint;N6 12.876 W75 33.516;29/04/2024 12:46;1670;11;0:00:01;41 kph;101ｰ true
772;Trackpoint;N6 12.875 W75 33.510;29/04/2024 12:46;1671;11;0:00:01;41 kph;100ｰ true
773;Trackpoint;N6 12.874 W75 33.504;29/04/2024 12:46;1671;11;0:00:01;41 kph;101ｰ true
774;Trackpoint;N6 12.873 W75 33.497;29/04/2024 12:46;1672;12;0:00:01;42 kph;103ｰ true
775;Trackpoint;N6 12.871 W75 33.491;29/04/2024 12:46;1673;12;0:00:01;42 kph;103ｰ true
776;Trackpoint;N6 12.870 W75 33.485;29/04/2024 12:46;1673;12;0:00:01;42 kph;104ｰ true
777;Trackpoint;N6 12.869 W75 33.479;29/04/2024 12:46;1674;11;0:00:01;40 kph;98ｰ true
778;Trackpoint;N6 12.869 W75 33.474;29/04/2024 12:46;1674;10;0:00:01;36 kph;95ｰ true
779;Trackpoint;N6 12.869 W75 33.469;29/04/2024 12:46;1675;9;0:00:01;34 kph;85ｰ true
780;Trackpoint;N6 12.871 W75 33.464;29/04/2024 12:46;1675;9;0:00:02;17 kph;71ｰ true
781;Trackpoint;N6 12.873 W75 33.459;29/04/2024 12:46;1676;9;0:00:01;33 kph;63ｰ true
782;Trackpoint;N6 12.876 W75 33.456;29/04/2024 12:46;1676;9;0:00:01;32 kph;52ｰ true
783;Trackpoint;N6 12.879 W75 33.452;29/04/2024 12:46;1677;8;0:00:01;30 kph;45ｰ true
784;Trackpoint;N6 12.881 W75 33.450;29/04/2024 12:46;1677;6;0:00:01;23 kph;56ｰ true
785;Trackpoint;N6 12.882 W75 33.447;29/04/2024 12:46;1678;6;0:00:01;20 kph;77ｰ true
786;Trackpoint;N6 12.882 W75 33.444;29/04/2024 12:46;1678;5;0:00:01;18 kph;85ｰ true
787;Trackpoint;N6 12.880 W75 33.442;29/04/2024 12:46;1679;5;0:00:01;18 kph;127ｰ true
788;Trackpoint;N6 12.877 W75 33.440;29/04/2024 12:46;1680;6;0:00:01;23 kph;153ｰ true
789;Trackpoint;N6 12.873 W75 33.440;29/04/2024 12:46;1680;7;0:00:01;26 kph;172ｰ true
790;Trackpoint;N6 12.870 W75 33.441;29/04/2024 12:46;1681;7;0:00:01;24 kph;211ｰ true
791;Trackpoint;N6 12.868 W75 33.444;29/04/2024 12:46;1683;6;0:00:01;21 kph;226ｰ true
792;Trackpoint;N6 12.867 W75 33.446;29/04/2024 12:46;1686;5;0:00:01;17 kph;256ｰ true
793;Trackpoint;N6 12.868 W75 33.449;29/04/2024 12:46;1688;5;0:00:01;16 kph;283ｰ true
794;Trackpoint;N6 12.870 W75 33.451;29/04/2024 12:46;1689;6;0:00:01;21 kph;308ｰ true
795;Trackpoint;N6 12.873 W75 33.454;29/04/2024 12:46;1688;8;0:00:01;28 kph;313ｰ true
796;Trackpoint;N6 12.877 W75 33.457;29/04/2024 12:46;1688;9;0:00:01;31 kph;325ｰ true
797;Trackpoint;N6 12.881 W75 33.460;29/04/2024 12:46;1688;9;0:00:01;34 kph;328ｰ true
798;Trackpoint;N6 12.886 W75 33.462;29/04/2024 12:46;1687;10;0:00:01;37 kph;329ｰ true
799;Trackpoint;N6 12.891 W75 33.465;29/04/2024 12:46;1687;11;0:00:01;39 kph;333ｰ true
800;Trackpoint;N6 12.896 W75 33.468;29/04/2024 12:46;1687;10;0:00:01;38 kph;333ｰ true
801;Trackpoint;N6 12.902 W75 33.471;29/04/2024 12:46;1687;13;0:00:01;46 kph;332ｰ true
802;Trackpoint;N6 12.908 W75 33.474;29/04/2024 12:46;1688;13;0:00:01;46 kph;334ｰ true
803;Trackpoint;N6 12.914 W75 33.476;29/04/2024 12:46;1688;12;0:00:01;42 kph;344ｰ true
804;Trackpoint;N6 12.919 W75 33.476;29/04/2024 12:46;1689;9;0:00:01;33 kph;357ｰ true
